atlas,source,x,y,w,h,head_x,head_y,head_w,head_h,alpha_pixels,head_pixels,changed_pixels,matched,eyes,raw_eye_holes,attack,semantic,donor,mirror,angle,head_extent,scale,preserved_effect_pixels
Knight.png,v2_visible_yellow_head_green_eye_scan,3531,5,131,63,3588,14,43,37,17401,1335,4968,True,2,2,False,dash_or_horizontal_air,move_04,False,-90.0,40.0,0.1264,0
Knight.png,v2_visible_yellow_head_green_eye_scan,3668,4,128,61,3717,16,41,40,16307,1146,5128,True,2,2,False,dash_or_horizontal_air,move_04,False,-90.0,40.5,0.1419,0
Knight.png,v2_visible_yellow_head_green_eye_scan,3215,7,192,108,3268,47,43,42,16460,1434,7884,True,1,1,False,dash_or_horizontal_air,move_04,True,90.0,42.5,0.1836,1186
Knight.png,v2_visible_yellow_head_green_eye_scan,3802,39,124,65,3847,55,39,38,18277,1107,4725,True,2,2,False,dash_or_horizontal_air,move_04,False,-90.0,38.5,0.1519,0
Knight.png,v2_visible_yellow_head_green_eye_scan,3932,22,62,132,3941,64,39,38,20452,1148,4986,True,2,2,False,front_idle_or_focus,move_00,False,12.2,38.5,0.2206,0
Knight.png,v2_visible_yellow_head_green_eye_scan,3533,71,74,114,3547,110,42,41,28017,1352,5129,True,1,1,False,walk,move_02,False,-12.66,41.5,0.1557,0
Knight.png,v2_visible_yellow_head_green_eye_scan,3998,76,71,128,4007,114,41,40,20046,1287,5288,True,2,2,False,front_idle_or_focus,move_00,False,23.91,40.5,0.2335,0
Knight.png,v2_visible_yellow_head_green_eye_scan,3689,88,68,119,3700,123,41,40,24560,1294,5124,True,2,2,False,front_idle_or_focus,move_00,False,11.84,40.5,0.2343,0
Knight.png,v2_visible_yellow_head_green_eye_scan,3830,106,71,127,3845,142,43,42,26731,1434,5311,True,1,1,False,side_idle,move_01,True,6.19,42.5,0.194,0
Knight.png,v2_visible_yellow_head_green_eye_scan,3760,104,67,132,3772,145,42,41,25197,1358,5323,True,2,2,False,front_idle_or_focus,move_00,False,11.7,41.5,0.2233,0
Knight.png,v2_visible_yellow_head_green_eye_scan,3248,137,169,92,3284,155,51,49,18152,1975,9754,True,1,1,False,dash_or_horizontal_air,move_04,True,90.0,50.0,0.1805,0
Knight.png,v2_visible_yellow_head_green_eye_scan,3527,191,91,98,3548,226,41,39,26377,1160,4429,True,2,2,False,dash_or_horizontal_air,move_04,False,-90.0,40.0,0.1652,0
Knight.png,v2_visible_yellow_head_green_eye_scan,3974,207,121,72,4019,228,40,39,18123,1237,5302,True,1,1,False,dash_or_horizontal_air,move_04,False,-90.0,39.5,0.1706,0
Knight.png,v2_visible_yellow_head_green_eye_scan,3625,214,110,75,3660,233,40,39,24512,1105,4724,True,2,2,False,dash_or_horizontal_air,move_04,False,-90.0,39.5,0.1703,0
Knight.png,v2_visible_yellow_head_green_eye_scan,3735,236,112,78,3769,265,40,39,22463,1231,4680,True,2,2,False,dash_or_horizontal_air,move_04,False,-90.0,39.5,0.1702,0
Knight.png,v2_visible_yellow_head_green_eye_scan,3415,260,89,104,3428,295,41,40,23478,1281,5397,True,2,2,False,dash_or_horizontal_air,move_04,True,90.0,40.5,0.1736,0
Knight.png,v2_visible_yellow_head_green_eye_scan,3853,282,128,67,3898,297,44,42,26413,1424,4973,True,2,2,False,dash_or_horizontal_air,move_04,False,-90.0,43.0,0.159,0
Knight.png,v2_visible_yellow_head_green_eye_scan,3981,283,84,97,3996,298,35,34,20558,853,4372,True,1,1,True,down_attack,attack_04,False,0.0,34.5,0.1484,29
Knight.png,v2_visible_yellow_head_green_eye_scan,3073,244,99,116,3081,300,18,20,7408,257,5144,True,2,2,False,dash_or_horizontal_air,move_04,True,90.0,19.0,0.0777,164
Knight.png,v2_visible_yellow_head_green_eye_scan,2533,236,115,96,2537,303,15,14,9976,143,5906,True,1,1,False,dash_or_horizontal_air,move_04,True,90.0,14.5,0.0732,1173
Knight.png,v2_visible_yellow_head_green_eye_scan,3507,295,112,77,3545,314,44,42,27459,1464,5588,True,1,1,False,dash_or_horizontal_air,move_04,False,-90.0,43.0,0.1737,0
Knight.png,v2_visible_yellow_head_green_eye_scan,3622,320,125,68,3671,337,40,39,24652,1074,5349,True,2,2,False,dash_or_horizontal_air,move_04,False,-90.0,39.5,0.1599,0
Knight.png,v2_visible_yellow_head_green_eye_scan,3753,352,118,69,3796,369,43,42,23924,1434,5197,True,1,1,False,dash_or_horizontal_air,move_04,False,-90.0,42.5,0.1677,0
Knight.png,v2_visible_yellow_head_green_eye_scan,3349,370,123,68,3392,383,44,43,20420,1496,5222,True,1,1,False,dash_or_horizontal_air,move_04,False,-90.0,43.5,0.1523,0
Knight.png,v2_visible_yellow_head_green_eye_scan,3475,378,121,73,3516,400,42,41,26801,1340,5197,True,2,2,False,dash_or_horizontal_air,move_04,False,-90.0,41.5,0.1776,0
Knight.png,v2_visible_yellow_head_green_eye_scan,3999,387,75,96,4009,401,36,35,16813,973,4717,True,1,1,False,side_idle,move_01,True,0.82,35.5,0.2092,0
Knight.png,v2_visible_yellow_head_green_eye_scan,3877,383,116,75,3914,406,40,39,25192,1227,5072,True,2,2,False,dash_or_horizontal_air,move_04,False,-90.0,39.5,0.1699,0
Knight.png,v2_visible_yellow_head_green_eye_scan,3599,391,90,100,3614,422,40,39,26107,1229,4892,True,2,2,False,dash_or_horizontal_air,move_04,True,90.0,39.5,0.17,0
Knight.png,v2_visible_yellow_head_green_eye_scan,3695,428,120,68,3739,443,41,40,24239,1300,5059,True,1,1,False,dash_or_horizontal_air,move_04,False,-90.0,40.5,0.1548,0
Knight.png,v2_visible_yellow_head_green_eye_scan,3349,445,92,97,3370,478,42,41,20633,1250,4435,True,2,2,False,dash_or_horizontal_air,move_04,False,-90.0,41.5,0.1715,0
Knight.png,v2_visible_yellow_head_green_eye_scan,3821,463,110,75,3846,486,41,39,24934,1250,5039,True,2,2,False,airborne_tilt,move_05,False,180.0,40.0,0.1958,0
Knight.png,v2_visible_yellow_head_green_eye_scan,3444,457,73,123,3455,492,42,40,25594,1326,5272,True,2,2,False,front_idle_or_focus,move_00,False,11.62,41.0,0.237,0
Knight.png,v2_visible_yellow_head_green_eye_scan,3937,489,116,72,3973,509,41,39,20792,1254,4976,True,2,2,False,dash_or_horizontal_air,move_04,False,-90.0,40.0,0.1717,0
Knight.png,v2_visible_yellow_head_green_eye_scan,3520,485,70,120,3531,520,41,40,25375,1294,5165,True,2,2,False,front_idle_or_focus,move_00,False,12.04,40.5,0.2341,0
Knight.png,v2_visible_yellow_head_green_eye_scan,3675,502,69,120,3686,537,42,40,24610,1326,5166,True,2,2,False,front_idle_or_focus,move_00,False,10.28,41.0,0.2369,0
Knight.png,v2_visible_yellow_head_green_eye_scan,3750,541,71,120,3761,576,41,39,23407,1261,5090,True,2,2,False,front_idle_or_focus,move_00,False,13.22,40.0,0.2313,0
Knight.png,v2_visible_yellow_head_green_eye_scan,3318,558,83,98,3334,585,39,37,19662,980,5242,True,2,2,False,dash_or_horizontal_air,move_04,True,90.0,38.0,0.1631,0
Knight.png,v2_visible_yellow_head_green_eye_scan,3974,564,69,124,3985,601,41,40,20108,1285,4945,True,1,1,False,run,move_04,True,18.97,40.5,0.141,0
Knight.png,v2_visible_yellow_head_green_eye_scan,3581,616,73,119,3601,650,44,43,24251,1496,5272,True,1,1,False,side_idle,move_01,True,2.22,43.5,0.1873,0
Knight.png,v2_visible_yellow_head_green_eye_scan,3485,621,88,90,3497,653,40,39,25130,1095,4761,True,2,2,False,airborne_tilt,move_05,True,157.74,39.5,0.2366,0
Knight.png,v2_visible_yellow_head_green_eye_scan,2428,648,133,70,2505,666,40,39,13019,1068,5599,True,2,2,False,dash_or_horizontal_air,move_04,False,-90.0,39.5,0.1701,626
Knight.png,v2_visible_yellow_head_green_eye_scan,3743,667,119,77,3806,690,40,39,28028,1240,5709,True,1,1,False,dash_or_horizontal_air,move_04,False,-90.0,39.5,0.1708,172
Knight.png,v2_visible_yellow_head_green_eye_scan,2658,647,108,108,2671,691,38,37,11057,1033,6490,True,2,2,False,dash_or_horizontal_air,move_04,True,90.0,37.5,0.1559,0
Knight.png,v2_visible_yellow_head_green_eye_scan,3151,665,84,108,3156,691,48,47,26824,1761,6597,True,1,1,False,dash_or_horizontal_air,move_04,True,90.0,47.5,0.2035,0
Knight.png,v2_visible_yellow_head_green_eye_scan,3238,662,68,114,3249,706,41,40,25909,1294,4960,True,2,2,False,dash_or_horizontal_air,move_04,True,90.0,40.5,0.1745,0
Knight.png,v2_visible_yellow_head_green_eye_scan,3984,691,108,77,4012,710,45,44,18393,1562,5112,True,2,2,False,dash_or_horizontal_air,move_04,False,-90.0,44.5,0.1799,0
Knight.png,v2_visible_yellow_head_green_eye_scan,3865,691,116,73,3902,712,40,39,28181,1227,5098,True,2,2,False,dash_or_horizontal_air,move_04,False,-90.0,39.5,0.1699,0
Knight.png,v2_visible_yellow_head_green_eye_scan,3326,709,121,72,3366,731,41,40,22671,1282,5518,True,2,2,False,dash_or_horizontal_air,move_04,False,-90.0,40.5,0.1737,0
Knight.png,v2_visible_yellow_head_green_eye_scan,3450,717,120,77,3496,735,44,42,26336,1464,5392,True,1,1,False,dash_or_horizontal_air,move_04,False,-90.0,43.0,0.1697,0
Knight.png,v2_visible_yellow_head_green_eye_scan,3576,741,116,77,3625,759,38,37,23417,976,5233,True,2,2,False,dash_or_horizontal_air,move_04,False,-90.0,37.5,0.1622,0
Knight.png,v2_visible_yellow_head_green_eye_scan,3698,747,113,77,3733,769,43,42,26204,1434,5408,True,1,1,False,dash_or_horizontal_air,move_04,False,-90.0,42.5,0.1838,0
Knight.png,v2_visible_yellow_head_green_eye_scan,3143,776,113,67,3198,783,26,25,20465,438,4230,True,1,1,True,down_attack,attack_04,False,0.0,25.5,0.1064,235
Knight.png,v2_visible_yellow_head_green_eye_scan,3937,774,120,70,3981,789,41,39,19838,1250,4949,True,1,1,False,dash_or_horizontal_air,move_04,False,-90.0,40.0,0.1504,0
Knight.png,v2_visible_yellow_head_green_eye_scan,3814,767,116,75,3851,790,40,39,26903,1227,5029,True,2,2,False,dash_or_horizontal_air,move_04,False,-90.0,39.5,0.1699,0
Knight.png,v2_visible_yellow_head_green_eye_scan,3256,784,105,89,3283,811,40,39,26924,1199,4873,True,2,2,False,dash_or_horizontal_air,move_04,True,90.0,39.5,0.1679,0
Knight.png,v2_visible_yellow_head_green_eye_scan,2111,735,137,186,2134,831,18,17,19584,239,16249,True,1,1,False,dash_or_horizontal_air,move_04,True,90.0,17.5,0.075,0
Knight.png,v2_visible_yellow_head_green_eye_scan,3367,798,96,96,3392,835,40,39,24992,1127,5250,True,2,2,False,airborne_tilt,move_05,False,180.0,39.5,0.2371,0
Knight.png,v2_visible_yellow_head_green_eye_scan,3466,818,123,73,3513,839,41,39,24630,1254,5052,True,1,1,False,dash_or_horizontal_air,move_04,False,-90.0,40.0,0.1718,0
Knight.png,v2_visible_yellow_head_green_eye_scan,3595,830,123,72,3639,842,41,40,25380,1131,4969,True,2,2,False,dash_or_horizontal_air,move_04,False,-90.0,40.5,0.142,0
Knight.png,v2_visible_yellow_head_green_eye_scan,3724,845,120,70,3768,862,41,40,25282,1284,5073,True,1,1,False,dash_or_horizontal_air,move_04,False,-90.0,40.5,0.1629,0
Knight.png,v2_visible_yellow_head_green_eye_scan,3850,847,114,73,3889,866,41,39,25861,1122,4933,True,2,2,False,dash_or_horizontal_air,move_04,False,-90.0,40.0,0.1724,0
Knight.png,v2_visible_yellow_head_green_eye_scan,3140,863,96,103,3150,905,42,40,22538,1332,5112,True,2,2,False,dash_or_horizontal_air,move_04,True,90.0,41.0,0.177,0
Knight.png,v2_visible_yellow_head_green_eye_scan,3242,876,101,91,3264,905,41,39,26270,1234,4882,True,2,2,False,dash_or_horizontal_air,move_04,True,90.0,40.0,0.1704,0
Knight.png,v2_visible_yellow_head_green_eye_scan,3350,897,123,71,3397,915,41,40,26932,1284,5168,True,1,1,False,dash_or_horizontal_air,move_04,False,-90.0,40.5,0.1671,0
Knight.png,v2_visible_yellow_head_green_eye_scan,3479,902,123,73,3526,923,41,39,25841,1254,5076,True,1,1,False,dash_or_horizontal_air,move_04,False,-90.0,40.0,0.1718,0
Knight.png,v2_visible_yellow_head_green_eye_scan,3970,886,61,129,3980,924,41,40,15739,1300,4983,True,1,1,False,walk,move_03,True,8.66,40.5,0.1493,0
Knight.png,v2_visible_yellow_head_green_eye_scan,3733,923,120,72,3777,942,41,40,25380,1284,5120,True,1,1,False,dash_or_horizontal_air,move_04,False,-90.0,40.5,0.1738,0
Knight.png,v2_visible_yellow_head_green_eye_scan,3605,918,121,75,3641,943,42,40,24547,1320,4959,True,2,2,False,dash_or_horizontal_air,move_04,False,-90.0,41.0,0.1762,0
Knight.png,v2_visible_yellow_head_green_eye_scan,2228,940,145,81,2243,957,41,40,18426,1298,7398,True,2,2,False,dash_or_horizontal_air,move_04,True,90.0,40.5,0.1592,0
Knight.png,v2_visible_yellow_head_green_eye_scan,3859,949,101,66,3904,965,37,36,21169,1056,4528,True,2,2,False,dash_or_horizontal_air,move_04,False,-90.0,36.5,0.1509,0
Knight.png,v2_visible_yellow_head_green_eye_scan,3086,969,128,56,3143,975,41,40,26746,1300,4775,True,2,2,False,dash_or_horizontal_air,move_04,False,-90.0,40.5,0.1167,0
Knight.png,v2_visible_yellow_head_green_eye_scan,2498,943,126,116,2505,986,41,39,7700,1266,5683,True,2,2,False,dash_or_horizontal_air,move_04,True,90.0,40.0,0.1726,42
Knight.png,v2_visible_yellow_head_green_eye_scan,3461,981,123,71,3507,999,42,40,26713,1174,5166,True,2,2,False,dash_or_horizontal_air,move_04,False,-90.0,41.0,0.165,0
Knight.png,v2_visible_yellow_head_green_eye_scan,3339,971,119,81,3377,1003,40,39,27745,1235,4977,True,1,1,False,dash_or_horizontal_air,move_04,False,-90.0,39.5,0.1704,0
Knight.png,v2_visible_yellow_head_green_eye_scan,3719,1001,121,70,3764,1018,41,40,25901,1142,5112,True,2,2,False,dash_or_horizontal_air,move_04,False,-90.0,40.5,0.1629,0
Knight.png,v2_visible_yellow_head_green_eye_scan,3590,1004,126,65,3636,1020,41,40,26478,1300,5079,True,1,1,False,dash_or_horizontal_air,move_04,False,-90.0,40.5,0.159,0
Knight.png,v2_visible_yellow_head_green_eye_scan,3846,1021,129,61,3895,1030,41,40,20508,1292,5006,True,1,1,False,dash_or_horizontal_air,move_04,False,-90.0,40.5,0.1296,0
Knight.png,v2_visible_yellow_head_green_eye_scan,2994,1019,86,109,3019,1045,41,40,20303,1300,5710,True,1,1,False,walk,move_03,False,-16.08,40.5,0.2043,0
Knight.png,v2_visible_yellow_head_green_eye_scan,3086,1028,94,103,3103,1063,41,40,25496,1293,5022,True,1,1,False,dash_or_horizontal_air,move_04,True,90.0,40.5,0.1744,0
Knight.png,v2_visible_yellow_head_green_eye_scan,3424,1058,113,81,3444,1072,41,40,27126,1258,5344,True,1,1,False,dash_or_horizontal_air,move_04,True,90.0,40.5,0.1466,0
Knight.png,v2_visible_yellow_head_green_eye_scan,3183,1056,118,79,3227,1079,43,42,28349,1294,5771,True,2,2,False,dash_or_horizontal_air,move_04,False,-90.0,42.5,0.1746,0
Knight.png,v2_visible_yellow_head_green_eye_scan,3304,1055,120,81,3343,1086,41,40,27969,1161,4928,True,2,2,False,dash_or_horizontal_air,move_04,False,-90.0,40.5,0.1741,0
Knight.png,v2_visible_yellow_head_green_eye_scan,3543,1075,123,71,3589,1093,42,40,26982,1316,5136,True,1,1,False,dash_or_horizontal_air,move_04,False,-90.0,41.0,0.165,0
Knight.png,v2_visible_yellow_head_green_eye_scan,3672,1074,123,73,3718,1094,42,40,26472,1316,5252,True,1,1,False,dash_or_horizontal_air,move_04,False,-90.0,41.0,0.176,0
Knight.png,v2_visible_yellow_head_green_eye_scan,3798,1088,125,65,3843,1104,40,39,19159,1117,4804,True,2,2,False,dash_or_horizontal_air,move_04,False,-90.0,39.5,0.1568,0
Knight.png,v2_visible_yellow_head_green_eye_scan,2821,1120,109,73,2859,1142,41,39,15592,1138,4679,True,2,2,False,dash_or_horizontal_air,move_04,False,-90.0,40.0,0.1723,0
Knight.png,v2_visible_yellow_head_green_eye_scan,2973,1131,128,77,3004,1150,41,40,21459,1300,5178,True,2,2,False,dash_or_horizontal_air,move_04,True,90.0,40.5,0.1675,0
Knight.png,v2_visible_yellow_head_green_eye_scan,3104,1141,118,79,3144,1157,43,42,23691,1353,5357,True,1,1,False,dash_or_horizontal_air,move_04,False,-90.0,42.5,0.1658,0
Knight.png,v2_visible_yellow_head_green_eye_scan,3468,1152,123,71,3515,1170,41,40,26338,1284,5179,True,1,1,False,dash_or_horizontal_air,move_04,False,-90.0,40.5,0.1671,0
Knight.png,v2_visible_yellow_head_green_eye_scan,3225,1142,116,78,3263,1171,41,39,24636,1245,4854,True,2,2,False,dash_or_horizontal_air,move_04,False,-90.0,40.0,0.1711,0
Knight.png,v2_visible_yellow_head_green_eye_scan,3594,1153,121,77,3641,1171,44,42,26731,1464,5296,True,1,1,False,dash_or_horizontal_air,move_04,False,-90.0,43.0,0.1697,0
Knight.png,v2_visible_yellow_head_green_eye_scan,3347,1146,115,76,3377,1172,41,40,26374,1285,5409,True,2,2,False,airborne_tilt,move_05,False,180.0,40.5,0.2104,0
Knight.png,v2_visible_yellow_head_green_eye_scan,3721,1159,111,73,3764,1176,39,38,19018,1152,4713,True,2,2,False,dash_or_horizontal_air,move_04,False,-90.0,38.5,0.1581,0
Knight.png,v2_visible_yellow_head_green_eye_scan,3373,1229,123,71,3420,1247,41,45,28348,1358,5181,True,1,1,False,dash_or_horizontal_air,move_04,False,-90.0,43.0,0.1787,0
Knight.png,v2_visible_yellow_head_green_eye_scan,3502,1233,123,71,3549,1251,41,40,23741,1284,5217,True,1,1,False,dash_or_horizontal_air,move_04,False,-90.0,40.5,0.1671,0
Knight.png,v2_visible_yellow_head_green_eye_scan,3631,1235,111,73,3674,1252,39,38,16230,1152,4713,True,2,2,False,dash_or_horizontal_air,move_04,False,-90.0,38.5,0.1581,0
Knight.png,v2_visible_yellow_head_green_eye_scan,2973,1214,92,104,2980,1253,42,41,21230,1355,5161,True,2,2,False,dash_or_horizontal_air,move_04,True,90.0,41.5,0.1785,0
Knight.png,v2_visible_yellow_head_green_eye_scan,3068,1223,80,123,3085,1262,43,42,22934,1434,5852,True,1,1,False,side_idle,move_01,True,3.84,42.5,0.2412,0
Knight.png,v2_visible_yellow_head_green_eye_scan,2153,1277,105,120,2170,1285,73,71,12312,3092,9782,True,1,1,False,side_idle,move_01,True,0.43,72.0,0.3162,0
Knight.png,v2_visible_yellow_head_green_eye_scan,3249,1282,92,108,3259,1316,41,40,24308,1296,5283,True,2,2,False,dash_or_horizontal_air,move_04,True,90.0,40.5,0.1746,0
Knight.png,v2_visible_yellow_head_green_eye_scan,2865,1289,80,123,2874,1322,45,43,20538,1518,5862,True,1,1,False,run,move_04,True,21.92,44.0,0.18,0
Knight.png,v2_visible_yellow_head_green_eye_scan,3151,1285,86,105,3162,1322,40,39,23776,1231,4947,True,2,2,False,dash_or_horizontal_air,move_04,True,90.0,39.5,0.1702,0
Knight.png,v2_visible_yellow_head_green_eye_scan,3456,1307,112,88,3492,1334,43,42,26875,1434,5545,True,1,1,False,airborne_tilt,move_05,False,180.0,42.5,0.2188,0
Knight.png,v2_visible_yellow_head_green_eye_scan,3571,1368,126,66,3617,1383,41,40,13987,1300,5007,True,2,2,False,dash_or_horizontal_air,move_04,False,-90.0,40.5,0.1548,0
Knight.png,v2_visible_yellow_head_green_eye_scan,3034,1352,88,112,3054,1396,40,39,22808,1142,5414,True,2,2,False,airborne_tilt,move_05,False,180.0,39.5,0.2277,0
Knight.png,v2_visible_yellow_head_green_eye_scan,3122,1390,126,78,3171,1410,44,43,26502,1496,5526,True,1,1,False,dash_or_horizontal_air,move_04,False,-90.0,43.5,0.1878,0
Knight.png,v2_visible_yellow_head_green_eye_scan,3382,1398,123,71,3429,1417,41,39,25625,1254,5051,True,1,1,False,dash_or_horizontal_air,move_04,False,-90.0,40.0,0.1718,0
Knight.png,v2_visible_yellow_head_green_eye_scan,3251,1395,125,76,3298,1420,40,39,26785,1235,5265,True,2,2,False,dash_or_horizontal_air,move_04,False,-90.0,39.5,0.1704,0
Knight.png,v2_visible_yellow_head_green_eye_scan,3508,1437,126,66,3554,1452,41,40,19742,1300,5002,True,2,2,False,dash_or_horizontal_air,move_04,False,-90.0,40.5,0.1548,0
Knight.png,v2_visible_yellow_head_green_eye_scan,2806,1418,71,131,2817,1460,40,39,22670,1240,5609,True,1,1,False,walk,move_02,True,14.19,39.5,0.177,0
Knight.png,v2_visible_yellow_head_green_eye_scan,3233,1475,131,57,3283,1484,42,40,26895,1321,4977,True,2,2,False,dash_or_horizontal_air,move_04,False,-90.0,41.0,0.1278,0
Knight.png,v2_visible_yellow_head_green_eye_scan,3367,1475,131,63,3397,1484,43,42,24544,1434,4955,True,2,2,False,dash_or_horizontal_air,move_04,True,90.0,42.5,0.1305,0
Knight.png,v2_visible_yellow_head_green_eye_scan,2887,1447,80,126,2904,1486,43,42,24832,1434,5900,True,1,1,False,side_idle,move_01,True,5.76,42.5,0.2358,0
Knight.png,v2_visible_yellow_head_green_eye_scan,2973,1464,89,109,2979,1490,48,47,25873,1788,6851,True,1,1,False,dash_or_horizontal_air,move_04,True,90.0,47.5,0.2051,0
Knight.png,v2_visible_yellow_head_green_eye_scan,3065,1471,80,123,3082,1510,43,42,26534,1434,5851,True,1,1,False,side_idle,move_01,True,3.82,42.5,0.2412,0
Knight.png,v2_visible_yellow_head_green_eye_scan,3501,1503,129,66,3554,1519,41,40,19485,1172,5413,True,2,2,False,dash_or_horizontal_air,move_04,False,-90.0,40.5,0.1592,0
Knight.png,v2_visible_yellow_head_green_eye_scan,3148,1493,65,124,3159,1539,41,40,26025,1288,4941,True,2,2,False,airborne_tilt,move_05,True,29.52,40.5,0.1627,0
Knight.png,v2_visible_yellow_head_green_eye_scan,2448,1554,172,92,2489,1569,54,52,14144,2202,9229,True,2,2,False,dash_or_horizontal_air,move_04,True,90.0,53.0,0.1744,0
Knight.png,v2_visible_yellow_head_green_eye_scan,3318,1538,81,116,3327,1578,41,39,26891,1264,5132,True,1,1,False,dash_or_horizontal_air,move_04,True,90.0,40.0,0.1724,0
Knight.png,v2_visible_yellow_head_green_eye_scan,2806,1552,65,131,2816,1593,42,41,21619,1358,5218,True,1,1,False,walk,move_02,True,9.33,41.5,0.1622,0
Knight.png,v2_visible_yellow_head_green_eye_scan,3402,1558,81,116,3413,1598,40,39,24036,1231,5023,True,2,2,False,dash_or_horizontal_air,move_04,True,90.0,39.5,0.1702,0
Knight.png,v2_visible_yellow_head_green_eye_scan,2890,1579,78,117,2906,1606,45,43,25538,1527,5753,True,1,1,False,side_idle,move_01,True,1.92,44.0,0.2322,0
Knight.png,v2_visible_yellow_head_green_eye_scan,3493,1575,59,129,3501,1614,41,40,23930,1300,5084,True,1,1,False,walk,move_03,True,8.26,40.5,0.1493,0
Knight.png,v2_visible_yellow_head_green_eye_scan,3559,1580,61,129,3569,1619,41,39,16942,1267,5047,True,1,1,False,walk,move_03,True,9.48,40.0,0.1505,0
Knight.png,v2_visible_yellow_head_green_eye_scan,3060,1600,78,116,3076,1627,45,43,26319,1527,5709,True,1,1,False,side_idle,move_01,True,1.72,44.0,0.2322,0
Knight.png,v2_visible_yellow_head_green_eye_scan,2975,1592,79,122,2983,1629,40,39,24623,1240,5219,True,1,1,False,dash_or_horizontal_air,move_04,True,90.0,39.5,0.1708,0
Knight.png,v2_visible_yellow_head_green_eye_scan,387,1578,223,235,483,1674,44,43,29097,1342,29097,True,2,2,False,dash_or_horizontal_air,move_04,False,-90.0,43.5,0.1779,0
Knight.png,v2_visible_yellow_head_green_eye_scan,2139,1648,115,118,2148,1691,42,41,17416,1353,6069,True,1,1,False,dash_or_horizontal_air,move_04,True,90.0,41.5,0.1784,83
Knight.png,v2_visible_yellow_head_green_eye_scan,2278,1649,151,126,2301,1693,32,45,20805,1091,6454,True,1,1,True,horizontal_attack,attack_01,False,0.0,38.5,0.1425,1071
Knight.png,v2_visible_yellow_head_green_eye_scan,3226,1657,92,106,3241,1693,41,40,23301,1287,5045,True,2,2,False,dash_or_horizontal_air,move_04,True,90.0,40.5,0.174,0
Knight.png,v2_visible_yellow_head_green_eye_scan,2484,1654,156,130,2555,1698,40,39,15981,1240,6082,True,2,2,True,horizontal_attack,attack_01,True,0.0,39.5,0.1639,40
Knight.png,v2_visible_yellow_head_green_eye_scan,2278,1649,171,126,2348,1731,43,42,16173,1433,5725,True,1,1,True,up_attack,attack_03,False,0.0,42.5,0.0902,1762
Knight.png,v2_visible_yellow_head_green_eye_scan,2817,1705,83,119,2827,1742,40,39,20156,1227,5128,True,1,1,False,dash_or_horizontal_air,move_04,True,90.0,39.5,0.1699,0
Knight.png,v2_visible_yellow_head_green_eye_scan,2903,1714,81,120,2922,1744,45,43,23372,1527,5843,True,1,1,False,side_idle,move_01,True,0.89,44.0,0.2373,0
Knight.png,v2_visible_yellow_head_green_eye_scan,3407,1708,68,129,3417,1745,40,39,23997,1230,5101,True,1,1,False,run,move_04,True,19.71,39.5,0.1425,0
Knight.png,v2_visible_yellow_head_green_eye_scan,3475,1710,66,124,3485,1749,41,39,25029,1121,5069,True,2,2,False,front_idle_or_focus,move_00,False,22.4,40.0,0.2031,0
Knight.png,v2_visible_yellow_head_green_eye_scan,3547,1712,61,129,3557,1751,41,39,17285,1267,4992,True,1,1,False,walk,move_02,True,9.57,40.0,0.1389,0
Knight.png,v2_visible_yellow_head_green_eye_scan,2991,1725,78,116,3007,1752,45,44,24518,1568,5726,True,1,1,False,side_idle,move_01,True,2.06,44.5,0.2353,0
Knight.png,v2_visible_yellow_head_green_eye_scan,3166,1766,71,114,3185,1793,40,39,22160,1240,5391,True,1,1,False,side_idle,move_01,False,-5.57,39.5,0.2158,0
Knight.png,v2_visible_yellow_head_green_eye_scan,3073,1752,90,114,3102,1805,41,40,22429,1217,5919,True,2,2,False,airborne_tilt,move_05,False,180.0,40.5,0.2352,0
Knight.png,v2_visible_yellow_head_green_eye_scan,2334,1790,153,105,2405,1816,45,44,21391,1417,8742,True,2,2,False,dash_or_horizontal_air,move_04,False,-90.0,44.5,0.1922,0
Knight.png,v2_visible_yellow_head_green_eye_scan,3253,1794,92,106,3268,1830,41,40,22392,1287,5036,True,2,2,False,dash_or_horizontal_air,move_04,True,90.0,40.5,0.174,0
Knight.png,v2_visible_yellow_head_green_eye_scan,2490,1789,136,116,2498,1831,41,40,17111,1300,6172,True,1,1,False,dash_or_horizontal_air,move_04,True,90.0,40.5,0.1749,740
Knight.png,v2_visible_yellow_head_green_eye_scan,2654,1817,95,106,2666,1846,40,38,19408,1193,5474,True,2,2,False,dash_or_horizontal_air,move_04,True,90.0,39.0,0.1675,0
Knight.png,v2_visible_yellow_head_green_eye_scan,3351,1840,123,67,3394,1855,41,39,24794,1267,4961,True,1,1,False,dash_or_horizontal_air,move_04,False,-90.0,40.0,0.1507,0
Knight.png,v2_visible_yellow_head_green_eye_scan,3477,1844,121,74,3520,1862,41,40,18122,1170,5019,True,2,2,False,dash_or_horizontal_air,move_04,False,-90.0,40.5,0.1674,0
Knight.png,v2_visible_yellow_head_green_eye_scan,2752,1831,80,125,2762,1873,42,40,23528,1327,5195,True,2,2,False,dash_or_horizontal_air,move_04,True,90.0,41.0,0.1767,0
Knight.png,v2_visible_yellow_head_green_eye_scan,2929,1850,78,117,2945,1877,45,43,22697,1527,5741,True,1,1,False,side_idle,move_01,True,1.72,44.0,0.2322,0
Knight.png,v2_visible_yellow_head_green_eye_scan,2838,1843,85,116,2847,1881,40,39,21913,1240,5212,True,1,1,False,dash_or_horizontal_air,move_04,True,90.0,39.5,0.1708,0
Knight.png,v2_visible_yellow_head_green_eye_scan,551,1884,151,76,566,1896,41,40,10990,1298,7784,True,2,2,False,dash_or_horizontal_air,move_04,True,90.0,40.5,0.1387,0
Knight.png,v2_visible_yellow_head_green_eye_scan,3011,1866,80,124,3022,1907,41,40,22742,1300,5715,True,1,1,False,airborne_tilt,move_05,True,29.33,40.5,0.243,0
Knight.png,v2_visible_yellow_head_green_eye_scan,1703,1905,182,87,1735,1919,54,53,21636,2244,10994,True,1,1,False,dash_or_horizontal_air,move_04,True,90.0,53.5,0.1742,122
Knight.png,v2_visible_yellow_head_green_eye_scan,3097,1886,80,115,3106,1924,40,39,21411,1240,5098,True,1,1,False,dash_or_horizontal_air,move_04,True,90.0,39.5,0.1708,0
Knight.png,v2_visible_yellow_head_green_eye_scan,3270,1904,64,126,3278,1942,41,40,24596,1297,5239,True,2,2,False,front_idle_or_focus,move_00,False,12.05,40.5,0.2343,0
Knight.png,v2_visible_yellow_head_green_eye_scan,3186,1900,78,121,3193,1945,41,40,23054,1300,4955,True,2,2,False,dash_or_horizontal_air,move_04,True,90.0,40.5,0.1749,0
Knight.png,v2_visible_yellow_head_green_eye_scan,3337,1910,67,122,3348,1948,41,40,24377,1284,4920,True,1,1,False,run,move_04,True,22.24,40.5,0.1312,0
Knight.png,v2_visible_yellow_head_green_eye_scan,3410,1922,68,123,3418,1959,41,40,22935,1290,4965,True,1,1,False,airborne_tilt,move_05,True,25.57,40.5,0.1937,0
Knight.png,v2_visible_yellow_head_green_eye_scan,2727,1959,120,84,2768,1994,41,40,21918,1288,4963,True,1,1,False,dash_or_horizontal_air,move_04,False,-90.0,40.5,0.174,0
Knight.png,v2_visible_yellow_head_green_eye_scan,3481,1967,61,129,3492,2005,41,40,13822,1300,5096,True,1,1,False,side_idle,move_01,True,3.31,40.5,0.1747,0
Knight.png,v2_visible_yellow_head_green_eye_scan,2850,1976,88,113,2866,2007,41,40,21813,1300,5463,True,2,2,False,airborne_tilt,move_05,True,27.96,40.5,0.2429,0
Knight.png,v2_visible_yellow_head_green_eye_scan,2944,1996,78,117,2960,2023,45,43,23086,1527,5752,True,1,1,False,side_idle,move_01,True,1.94,44.0,0.2322,0
Knight.png,v2_visible_yellow_head_green_eye_scan,3029,2001,78,124,3037,2047,41,40,22322,1288,5176,True,2,2,False,dash_or_horizontal_air,move_04,True,90.0,40.5,0.174,0
Knight.png,v2_visible_yellow_head_green_eye_scan,1991,2052,142,87,2050,2050,64,62,26627,2692,8715,True,1,1,False,dash_or_horizontal_air,move_04,False,-90.0,63.0,0.1274,0
Knight.png,v2_visible_yellow_head_green_eye_scan,3114,2027,83,115,3123,2065,40,39,22524,1240,5144,True,1,1,False,dash_or_horizontal_air,move_04,True,90.0,39.5,0.1708,0
Knight.png,v2_visible_yellow_head_green_eye_scan,3206,2033,60,128,3214,2072,40,39,24434,1230,5044,True,1,1,False,side_idle,move_01,True,6.19,39.5,0.1833,0
Knight.png,v2_visible_yellow_head_green_eye_scan,3272,2036,64,126,3280,2074,41,40,26323,1297,5256,True,2,2,False,front_idle_or_focus,move_00,False,11.8,40.5,0.2344,0
Knight.png,v2_visible_yellow_head_green_eye_scan,2633,2046,85,118,2656,2078,40,38,18884,1200,5452,True,1,1,False,airborne_tilt,move_05,False,-28.46,39.0,0.2056,0
Knight.png,v2_visible_yellow_head_green_eye_scan,2161,2045,145,112,2170,2082,40,39,24839,1236,8409,True,2,2,False,dash_or_horizontal_air,move_04,True,90.0,39.5,0.1705,675
Knight.png,v2_visible_yellow_head_green_eye_scan,3339,2048,74,116,3350,2087,41,39,22843,1112,5101,True,2,2,False,airborne_tilt,move_05,True,33.56,40.0,0.2008,0
Knight.png,v2_visible_yellow_head_green_eye_scan,2351,2047,101,117,2358,2089,41,40,19134,1300,5289,True,2,2,False,dash_or_horizontal_air,move_04,True,90.0,40.5,0.1749,0
Knight.png,v2_visible_yellow_head_green_eye_scan,2728,2092,129,80,2774,2112,43,42,20467,1299,5639,True,1,1,False,dash_or_horizontal_air,move_04,False,-90.0,42.5,0.1749,0
Knight.png,v2_visible_yellow_head_green_eye_scan,3413,2099,132,68,3464,2116,41,40,17882,1164,5166,True,2,2,False,dash_or_horizontal_air,move_04,False,-90.0,40.5,0.1631,0
Knight.png,v2_visible_yellow_head_green_eye_scan,981,2136,133,62,1013,2147,43,42,16107,1434,5040,True,2,2,False,dash_or_horizontal_air,move_04,True,90.0,42.5,0.1389,0
Knight.png,v2_visible_yellow_head_green_eye_scan,1269,2149,152,82,1328,2148,71,69,29364,3052,9074,True,1,1,False,dash_or_horizontal_air,move_04,False,-90.0,70.0,0.1461,0
Knight.png,v2_visible_yellow_head_green_eye_scan,2863,2119,126,79,2906,2148,41,40,20723,1282,5022,True,2,2,False,dash_or_horizontal_air,move_04,False,-90.0,40.5,0.1736,0
Knight.png,v2_visible_yellow_head_green_eye_scan,1120,2139,128,62,1169,2150,41,40,14419,1291,4984,True,2,2,False,dash_or_horizontal_air,move_04,False,-90.0,40.5,0.1379,0
Knight.png,v2_visible_yellow_head_green_eye_scan,2992,2125,84,119,3000,2165,40,39,23282,1233,5195,True,1,1,False,dash_or_horizontal_air,move_04,True,90.0,39.5,0.1703,0
Knight.png,v2_visible_yellow_head_green_eye_scan,3239,2174,83,37,3268,2173,37,36,26960,990,2164,True,2,2,False,dash_or_horizontal_air,move_04,False,-90.0,36.5,0.0786,0
Knight.png,v2_visible_yellow_head_green_eye_scan,3329,2176,85,36,3360,2176,33,32,24620,824,2068,True,2,2,False,dash_or_horizontal_air,move_04,False,-90.0,32.5,0.074,0
Knight.png,v2_visible_yellow_head_green_eye_scan,2007,2164,152,81,2022,2181,41,40,26624,1298,8131,True,2,2,False,dash_or_horizontal_air,move_04,True,90.0,40.5,0.1593,0
Knight.png,v2_visible_yellow_head_green_eye_scan,2359,2171,133,82,2413,2185,46,45,16809,1497,6317,True,2,2,False,dash_or_horizontal_air,move_04,False,-90.0,45.5,0.1673,0
Knight.png,v2_visible_yellow_head_green_eye_scan,3167,2164,69,122,3177,2190,41,40,26549,1300,5387,True,2,2,False,front_idle_or_focus,move_00,False,15.95,40.5,0.2348,0
Knight.png,v2_visible_yellow_head_green_eye_scan,2205,2170,117,82,2213,2191,45,43,24577,1499,6321,True,2,2,False,dash_or_horizontal_air,move_04,True,90.0,44.0,0.1878,0
Knight.png,v2_visible_yellow_head_green_eye_scan,2635,2179,112,99,2670,2209,45,44,20450,1435,5787,True,2,2,False,dash_or_horizontal_air,move_04,False,-90.0,44.5,0.1837,0
Knight.png,v2_visible_yellow_head_green_eye_scan,3417,2201,128,62,3466,2213,41,39,22165,1110,5151,True,2,2,False,dash_or_horizontal_air,move_04,False,-90.0,40.0,0.1383,0
Knight.png,v2_visible_yellow_head_green_eye_scan,2753,2201,129,83,2799,2221,43,42,22084,1299,5756,True,1,1,False,dash_or_horizontal_air,move_04,False,-90.0,42.5,0.1749,0
Knight.png,v2_visible_yellow_head_green_eye_scan,3239,2224,128,60,3285,2234,42,41,24392,1352,5010,True,2,2,False,dash_or_horizontal_air,move_04,False,-90.0,41.5,0.1354,0
Knight.png,v2_visible_yellow_head_green_eye_scan,1380,2249,129,71,1425,2258,43,42,26120,1429,5205,True,2,2,False,dash_or_horizontal_air,move_04,False,-90.0,42.5,0.1336,0
Knight.png,v2_visible_yellow_head_green_eye_scan,1512,2250,127,67,1555,2265,42,40,26381,1332,5104,True,1,1,False,dash_or_horizontal_air,move_04,False,-90.0,41.0,0.1528,0
Knight.png,v2_visible_yellow_head_green_eye_scan,1643,2253,129,67,1691,2269,41,39,22270,1129,5190,True,2,2,False,dash_or_horizontal_air,move_04,False,-90.0,40.0,0.1547,0
Knight.png,v2_visible_yellow_head_green_eye_scan,1772,2250,131,67,1822,2269,41,39,21690,1122,5136,True,2,2,False,dash_or_horizontal_air,move_04,False,-90.0,40.0,0.172,0
Knight.png,v2_visible_yellow_head_green_eye_scan,1906,2251,123,71,1953,2270,41,39,26701,1254,5066,True,1,1,False,dash_or_horizontal_air,move_04,False,-90.0,40.0,0.1718,0
Knight.png,v2_visible_yellow_head_green_eye_scan,2882,2244,129,79,2931,2270,43,41,23217,1388,5712,True,1,1,False,dash_or_horizontal_air,move_04,False,-90.0,42.0,0.1809,0
Knight.png,v2_visible_yellow_head_green_eye_scan,2035,2252,123,71,2082,2271,41,39,21932,1254,5030,True,1,1,False,dash_or_horizontal_air,move_04,False,-90.0,40.0,0.1718,0
Knight.png,v2_visible_yellow_head_green_eye_scan,3504,2267,127,58,3554,2277,41,40,17461,1145,4984,True,2,2,False,dash_or_horizontal_air,move_04,False,-90.0,40.5,0.1335,0
Knight.png,v2_visible_yellow_head_green_eye_scan,3370,2266,128,62,3419,2278,41,39,24422,1261,5071,True,1,1,False,dash_or_horizontal_air,move_04,False,-90.0,40.0,0.1381,0
Knight.png,v2_visible_yellow_head_green_eye_scan,3014,2269,126,80,3061,2285,43,42,24984,1431,5346,True,2,2,False,dash_or_horizontal_air,move_04,False,-90.0,42.5,0.1632,0
Knight.png,v2_visible_yellow_head_green_eye_scan,2466,2261,114,111,2513,2295,40,39,17434,1103,5871,True,1,1,False,dash_or_horizontal_air,move_04,False,-90.0,39.5,0.1613,0
Knight.png,v2_visible_yellow_head_green_eye_scan,3146,2290,119,69,3186,2309,41,40,25071,1291,5031,True,2,2,False,dash_or_horizontal_air,move_04,False,-90.0,40.5,0.1742,0
Knight.png,v2_visible_yellow_head_green_eye_scan,2586,2299,122,81,2623,2324,41,39,19785,1101,5093,True,2,2,False,dash_or_horizontal_air,move_04,False,-90.0,40.0,0.1716,0
Knight.png,v2_visible_yellow_head_green_eye_scan,2714,2288,99,111,2725,2326,40,39,19628,1231,5773,True,1,1,False,dash_or_horizontal_air,move_04,True,90.0,39.5,0.1702,0
Knight.png,v2_visible_yellow_head_green_eye_scan,3406,2331,127,62,3455,2342,41,40,28379,1286,4964,True,1,1,False,dash_or_horizontal_air,move_04,False,-90.0,40.5,0.1378,0
Knight.png,v2_visible_yellow_head_green_eye_scan,3272,2331,128,62,3321,2343,41,39,27967,1261,5057,True,1,1,False,dash_or_horizontal_air,move_04,False,-90.0,40.0,0.1381,0
Knight.png,v2_visible_yellow_head_green_eye_scan,2820,2329,126,77,2866,2352,43,41,21789,1388,5572,True,1,1,False,dash_or_horizontal_air,move_04,False,-90.0,42.0,0.1809,0
Knight.png,v2_visible_yellow_head_green_eye_scan,3536,2339,113,72,3582,2355,39,38,18789,1146,4775,True,2,2,False,dash_or_horizontal_air,move_04,False,-90.0,38.5,0.1537,0
Knight.png,v2_visible_yellow_head_green_eye_scan,2955,2353,118,78,3001,2370,44,42,23772,1374,5525,True,1,1,False,dash_or_horizontal_air,move_04,False,-90.0,43.0,0.1675,0
Knight.png,v2_visible_yellow_head_green_eye_scan,1858,2365,72,109,1868,2395,41,39,14749,1255,4703,True,1,1,False,airborne_tilt,move_05,True,29.31,40.0,0.1997,0
Knight.png,v2_visible_yellow_head_green_eye_scan,3076,2365,68,125,3087,2403,41,40,23612,1284,4976,True,1,1,False,run,move_04,True,22.29,40.5,0.1346,0
Knight.png,v2_visible_yellow_head_green_eye_scan,2405,2375,95,118,2438,2407,40,38,15742,1200,6052,True,1,1,False,airborne_tilt,move_05,False,-29.98,39.0,0.2335,0
Knight.png,v2_visible_yellow_head_green_eye_scan,2520,2386,97,114,2552,2413,40,39,21217,1240,5894,True,1,1,False,side_idle,move_01,False,-1.94,39.5,0.2365,0
Knight.png,v2_visible_yellow_head_green_eye_scan,3212,2396,62,128,3221,2433,41,40,27141,1288,5128,True,1,1,False,side_idle,move_01,True,5.83,40.5,0.1864,0
Knight.png,v2_visible_yellow_head_green_eye_scan,3277,2396,62,128,3286,2433,41,40,29339,1288,5058,True,1,1,False,walk,move_02,True,7.73,40.5,0.152,0
Knight.png,v2_visible_yellow_head_green_eye_scan,3342,2396,62,128,3351,2433,41,40,30701,1288,5148,True,1,1,False,walk,move_02,True,8.72,40.5,0.152,0
Knight.png,v2_visible_yellow_head_green_eye_scan,2625,2405,97,120,2641,2434,44,43,22484,1496,6823,True,2,2,False,airborne_tilt,move_05,True,31.72,43.5,0.2606,0
Knight.png,v2_visible_yellow_head_green_eye_scan,3147,2396,62,128,3156,2434,41,39,25535,1259,5128,True,1,1,False,walk,move_02,True,8.21,40.0,0.1531,0
Knight.png,v2_visible_yellow_head_green_eye_scan,3410,2402,62,122,3416,2437,41,40,29171,1300,4876,True,1,1,False,airborne_tilt,move_05,True,25.2,40.5,0.1791,0
Knight.png,v2_visible_yellow_head_green_eye_scan,3475,2414,72,113,3491,2442,39,38,27641,1159,4771,True,1,1,False,walk,move_03,True,15.21,38.5,0.1634,0
Knight.png,v2_visible_yellow_head_green_eye_scan,2830,2427,80,126,2846,2463,43,42,22060,1283,6022,True,1,1,False,side_idle,move_01,True,1.76,42.5,0.2403,0
Knight.png,v2_visible_yellow_head_green_eye_scan,2725,2414,98,99,2774,2464,36,35,20240,906,4392,True,1,1,True,up_attack,attack_03,False,0.0,35.5,0.1165,108
Knight.png,v2_visible_yellow_head_green_eye_scan,3620,2436,61,131,3627,2474,41,40,18411,1300,5006,True,1,1,False,walk,move_02,True,9.82,40.5,0.1535,0
Knight.png,v2_visible_yellow_head_green_eye_scan,2917,2437,73,124,2924,2477,43,41,22077,1289,5729,True,1,1,False,side_idle,move_01,True,0.47,42.0,0.2408,0
Knight.png,v2_visible_yellow_head_green_eye_scan,3076,2490,71,128,3086,2529,40,39,23459,1230,5085,True,1,1,False,run,move_04,True,23.24,39.5,0.1531,0
Knight.png,v2_visible_yellow_head_green_eye_scan,2383,2499,101,118,2401,2532,46,45,18136,1634,6631,True,1,1,False,dash_or_horizontal_air,move_04,True,90.0,45.5,0.196,0
Knight.png,v2_visible_yellow_head_green_eye_scan,3220,2530,128,60,3267,2539,41,40,31092,1291,4966,True,1,1,False,dash_or_horizontal_air,move_04,False,-90.0,40.5,0.1294,0
Knight.png,v2_visible_yellow_head_green_eye_scan,3352,2530,126,60,3398,2539,41,40,28455,1291,4841,True,2,2,False,dash_or_horizontal_air,move_04,False,-90.0,40.5,0.1294,0
Knight.png,v2_visible_yellow_head_green_eye_scan,3481,2550,127,56,3527,2558,43,42,26624,1422,4849,True,2,2,False,dash_or_horizontal_air,move_04,False,-90.0,42.5,0.1291,0
Knight.png,v2_visible_yellow_head_green_eye_scan,2607,2533,129,91,2657,2562,47,46,25060,1706,6329,True,1,1,False,dash_or_horizontal_air,move_04,False,-90.0,46.5,0.2004,0
Knight.png,v2_visible_yellow_head_green_eye_scan,3147,2527,66,125,3158,2565,40,39,26667,1240,4988,True,1,1,False,walk,move_02,True,12.61,39.5,0.1592,0
Knight.png,v2_visible_yellow_head_green_eye_scan,2742,2559,100,107,2769,2578,42,41,24471,1358,6238,True,1,1,False,side_idle,move_01,True,5.1,41.5,0.2472,0
Knight.png,v2_visible_yellow_head_green_eye_scan,3611,2570,128,63,3658,2581,41,40,13492,1165,5004,True,2,2,False,dash_or_horizontal_air,move_04,False,-90.0,40.5,0.1377,0
Knight.png,v2_visible_yellow_head_green_eye_scan,113,2505,231,230,209,2601,39,38,28907,1011,28903,True,1,1,False,airborne_tilt,move_05,False,-31.42,38.5,0.2297,0
Knight.png,v2_visible_yellow_head_green_eye_scan,3219,2594,128,61,3270,2604,41,40,27995,1286,5094,True,2,2,False,dash_or_horizontal_air,move_04,False,-90.0,40.5,0.1335,0
Knight.png,v2_visible_yellow_head_green_eye_scan,3353,2615,127,56,3399,2623,43,41,25104,1379,4806,True,2,2,False,dash_or_horizontal_air,move_04,False,-90.0,42.0,0.1251,0
Knight.png,v2_visible_yellow_head_green_eye_scan,3487,2636,129,61,3535,2646,41,40,19916,1291,5084,True,1,1,False,dash_or_horizontal_air,move_04,False,-90.0,40.5,0.1337,0
Knight.png,v2_visible_yellow_head_green_eye_scan,1424,2611,145,112,1433,2648,40,39,19492,1236,8955,True,2,2,False,dash_or_horizontal_air,move_04,True,90.0,39.5,0.1705,807
Knight.png,v2_visible_yellow_head_green_eye_scan,1643,2613,147,110,1661,2653,48,46,13878,1747,6475,True,1,1,True,horizontal_attack,attack_01,False,0.0,47.0,0.1538,135
Knight.png,v2_visible_yellow_head_green_eye_scan,1800,2616,147,114,1810,2654,41,40,12796,1299,7693,True,2,2,False,dash_or_horizontal_air,move_04,True,90.0,40.5,0.1748,0
Knight.png,v2_visible_yellow_head_green_eye_scan,2283,2624,119,109,2328,2655,42,40,20344,1089,5970,True,2,2,False,dash_or_horizontal_air,move_04,False,-90.0,41.0,0.1708,0
Knight.png,v2_visible_yellow_head_green_eye_scan,1977,2619,145,109,1986,2656,40,39,17099,1236,7622,True,2,2,False,dash_or_horizontal_air,move_04,True,90.0,39.5,0.1705,60
Knight.png,v2_visible_yellow_head_green_eye_scan,3011,2621,83,123,3020,2659,41,39,21658,1259,5470,True,1,1,False,airborne_tilt,move_05,True,28.72,40.0,0.2391,0
Knight.png,v2_visible_yellow_head_green_eye_scan,3165,2655,127,64,3211,2666,45,43,29752,1527,5020,True,1,1,False,dash_or_horizontal_air,move_04,False,-90.0,44.0,0.1421,0
Knight.png,v2_visible_yellow_head_green_eye_scan,2617,2652,95,123,2649,2683,42,40,23769,1078,6078,True,2,2,False,front_idle_or_focus,move_00,False,-10.86,41.0,0.2262,0
Knight.png,v2_visible_yellow_head_green_eye_scan,2718,2672,99,107,2745,2691,42,41,25701,1358,6245,True,1,1,False,side_idle,move_01,True,4.58,41.5,0.2473,0
Knight.png,v2_visible_yellow_head_green_eye_scan,3097,2658,62,124,3108,2693,40,39,24686,1240,4937,True,1,1,False,side_idle,move_01,True,6.89,39.5,0.1706,0
Knight.png,v2_visible_yellow_head_green_eye_scan,3165,2722,127,60,3212,2731,41,40,27503,1300,5043,True,2,2,False,dash_or_horizontal_air,move_04,False,-90.0,40.5,0.1293,0
Knight.png,v2_visible_yellow_head_green_eye_scan,3295,2681,131,146,3374,2736,41,40,26145,1288,8390,True,1,1,False,dash_or_horizontal_air,move_04,False,-90.0,40.5,0.174,1772
Knight.png,v2_visible_yellow_head_green_eye_scan,3429,2697,60,129,3438,2736,41,40,27111,1288,5116,True,1,1,False,walk,move_02,True,8.6,40.5,0.1433,0
Knight.png,v2_visible_yellow_head_green_eye_scan,1163,2729,126,62,1212,2742,41,40,19415,1146,5317,True,2,2,False,dash_or_horizontal_air,move_04,False,-90.0,40.5,0.1461,0
Knight.png,v2_visible_yellow_head_green_eye_scan,1422,2729,128,75,1472,2744,42,40,19935,1287,5197,True,2,2,False,dash_or_horizontal_air,move_04,False,-90.0,41.0,0.1559,0
Knight.png,v2_visible_yellow_head_green_eye_scan,1295,2729,124,72,1340,2747,42,41,22628,1358,5448,True,1,1,False,dash_or_horizontal_air,move_04,False,-90.0,41.5,0.1692,0
Knight.png,v2_visible_yellow_head_green_eye_scan,2201,2740,125,99,2246,2747,45,44,21406,1566,5692,True,2,2,False,dash_or_horizontal_air,move_04,False,-90.0,44.5,0.1293,0
Knight.png,v2_visible_yellow_head_green_eye_scan,1561,2729,123,84,1569,2752,45,44,22427,1551,6452,True,2,2,False,dash_or_horizontal_air,move_04,True,90.0,44.5,0.191,0
Knight.png,v2_visible_yellow_head_green_eye_scan,3496,2716,61,131,3502,2754,42,40,20601,1332,5292,True,1,1,False,side_idle,move_01,True,5.29,41.0,0.1926,0
Knight.png,v2_visible_yellow_head_green_eye_scan,1906,2734,135,94,1918,2771,40,39,17605,1228,6409,True,2,2,False,dash_or_horizontal_air,move_04,True,90.0,39.5,0.17,9
Knight.png,v2_visible_yellow_head_green_eye_scan,2332,2741,114,104,2379,2772,40,39,24068,1103,5964,True,1,1,False,dash_or_horizontal_air,move_04,False,-90.0,39.5,0.1614,0
Knight.png,v2_visible_yellow_head_green_eye_scan,2452,2753,102,107,2480,2772,42,40,23898,1332,6260,True,1,1,False,side_idle,move_01,True,4.17,41.0,0.2449,0
Knight.png,v2_visible_yellow_head_green_eye_scan,2909,2756,127,73,2956,2777,42,40,21410,1321,5369,True,2,2,False,dash_or_horizontal_air,move_04,False,-90.0,41.0,0.1763,0
Knight.png,v2_visible_yellow_head_green_eye_scan,3045,2788,126,74,3090,2803,41,40,23682,1124,5183,True,2,2,False,dash_or_horizontal_air,move_04,False,-90.0,40.5,0.155,0
Knight.png,v2_visible_yellow_head_green_eye_scan,2560,2778,127,89,2602,2814,42,41,23808,1354,5628,True,1,1,False,dash_or_horizontal_air,move_04,False,-90.0,41.5,0.1785,0
Knight.png,v2_visible_yellow_head_green_eye_scan,2690,2793,126,79,2736,2815,41,40,24623,1288,5303,True,1,1,False,dash_or_horizontal_air,move_04,False,-90.0,40.5,0.174,0
Knight.png,v2_visible_yellow_head_green_eye_scan,3177,2805,127,59,3227,2816,41,40,27184,1159,5045,True,2,2,False,dash_or_horizontal_air,move_04,False,-90.0,40.5,0.1377,0
Knight.png,v2_visible_yellow_head_green_eye_scan,2825,2832,128,69,2874,2843,41,40,22643,1291,5626,True,2,2,False,dash_or_horizontal_air,move_04,False,-90.0,40.5,0.1377,0
Knight.png,v2_visible_yellow_head_green_eye_scan,3310,2830,126,64,3355,2843,41,39,26604,1255,5049,True,2,2,False,dash_or_horizontal_air,move_04,False,-90.0,40.0,0.142,0
Knight.png,v2_visible_yellow_head_green_eye_scan,3439,2850,112,70,3482,2863,39,38,25058,1044,4579,True,2,2,False,dash_or_horizontal_air,move_04,False,-90.0,38.5,0.1449,0
Knight.png,v2_visible_yellow_head_green_eye_scan,1621,2827,145,123,1629,2872,41,40,14667,1300,6153,True,2,2,False,dash_or_horizontal_air,move_04,True,90.0,40.5,0.1749,844
Knight.png,v2_visible_yellow_head_green_eye_scan,2079,2850,127,83,2133,2872,39,38,16717,998,5449,True,1,1,False,dash_or_horizontal_air,move_04,False,-90.0,38.5,0.1653,0
Knight.png,v2_visible_yellow_head_green_eye_scan,2210,2851,120,102,2248,2882,46,45,21261,1633,5964,True,1,1,False,dash_or_horizontal_air,move_04,False,-90.0,45.5,0.196,0
Knight.png,v2_visible_yellow_head_green_eye_scan,3554,2874,116,62,3596,2885,42,41,18247,1355,4965,True,2,2,False,dash_or_horizontal_air,move_04,False,-90.0,41.5,0.1395,0
Knight.png,v2_visible_yellow_head_green_eye_scan,2330,2856,102,109,2358,2890,44,43,22074,1326,5601,True,2,2,False,dash_or_horizontal_air,move_04,True,90.0,43.5,0.1766,0
Knight.png,v2_visible_yellow_head_green_eye_scan,2438,2871,102,107,2466,2890,42,41,23722,1358,6179,True,1,1,False,side_idle,move_01,True,5.23,41.5,0.2472,0
Knight.png,v2_visible_yellow_head_green_eye_scan,3091,2867,128,79,3140,2893,42,41,25659,1355,5622,True,1,1,False,dash_or_horizontal_air,move_04,False,-90.0,41.5,0.1786,0
Knight.png,v2_visible_yellow_head_green_eye_scan,2956,2882,132,62,3004,2895,41,40,23051,1289,5180,True,2,2,False,dash_or_horizontal_air,move_04,False,-90.0,40.5,0.146,0
Knight.png,v2_visible_yellow_head_green_eye_scan,2653,2875,86,115,2677,2904,47,46,24811,1706,6658,True,1,1,False,side_idle,move_01,False,-4.47,46.5,0.2772,0
Knight.png,v2_visible_yellow_head_green_eye_scan,3225,2897,128,64,3272,2912,42,40,25359,1332,5195,True,1,1,False,dash_or_horizontal_air,move_04,False,-90.0,41.0,0.1528,0
Knight.png,v2_visible_yellow_head_green_eye_scan,2546,2873,98,113,2552,2916,40,39,23285,1239,5937,True,1,1,False,dash_or_horizontal_air,move_04,True,90.0,39.5,0.1707,0
Knight.png,v2_visible_yellow_head_green_eye_scan,3356,2923,121,65,3401,2935,40,39,24771,1089,4916,True,2,2,False,dash_or_horizontal_air,move_04,False,-90.0,39.5,0.1402,0
Knight.png,v2_visible_yellow_head_green_eye_scan,2752,2917,85,105,2778,2940,36,35,21448,966,6284,True,1,1,False,side_idle,move_01,True,3.36,35.5,0.2117,0
Knight.png,v2_visible_yellow_head_green_eye_scan,643,2933,132,71,692,2946,43,42,18792,1434,5353,True,1,1,False,dash_or_horizontal_air,move_04,False,-90.0,42.5,0.1507,0
Knight.png,v2_visible_yellow_head_green_eye_scan,775,2939,135,68,826,2946,40,38,17663,1133,4896,True,2,2,False,dash_or_horizontal_air,move_04,False,-90.0,39.0,0.1178,25
Knight.png,v2_visible_yellow_head_green_eye_scan,927,2948,159,91,988,2950,73,70,30085,3568,9557,True,1,1,False,dash_or_horizontal_air,move_04,False,-90.0,71.5,0.1621,0
Knight.png,v2_visible_yellow_head_green_eye_scan,3480,2939,128,65,3527,2952,41,40,26455,1163,5084,True,2,2,False,dash_or_horizontal_air,move_04,False,-90.0,40.5,0.1461,0
Knight.png,v2_visible_yellow_head_green_eye_scan,2847,2950,128,69,2896,2961,41,40,22295,1291,5591,True,2,2,False,dash_or_horizontal_air,move_04,False,-90.0,40.5,0.1377,0
Knight.png,v2_visible_yellow_head_green_eye_scan,1890,2956,123,67,1933,2962,45,43,19036,1522,4927,True,2,2,False,dash_or_horizontal_air,move_04,False,-90.0,44.0,0.1211,0
Knight.png,v2_visible_yellow_head_green_eye_scan,1623,2956,129,56,1671,2966,38,37,21774,1118,4606,True,2,2,False,dash_or_horizontal_air,move_04,False,-90.0,37.5,0.1275,0
Knight.png,v2_visible_yellow_head_green_eye_scan,1755,2957,132,62,1806,2970,41,39,21635,1279,4939,True,2,2,False,dash_or_horizontal_air,move_04,False,-90.0,40.0,0.145,0
Knight.png,v2_visible_yellow_head_green_eye_scan,3611,2962,109,68,3666,2971,31,30,14002,668,4484,True,2,2,False,dash_or_horizontal_air,move_04,False,-90.0,30.5,0.1098,40
Knight.png,v2_visible_yellow_head_green_eye_scan,2978,2965,132,65,3025,2978,42,40,25301,1321,5249,True,2,2,False,dash_or_horizontal_air,move_04,False,-90.0,41.0,0.1442,0
Knight.png,v2_visible_yellow_head_green_eye_scan,1106,2946,144,112,1114,2983,40,39,20865,1237,8638,True,2,2,False,dash_or_horizontal_air,move_04,True,90.0,39.5,0.1706,624
Knight.png,v2_visible_yellow_head_green_eye_scan,2023,2956,128,89,2067,2992,41,40,20309,1276,5135,True,2,2,False,dash_or_horizontal_air,move_04,False,-90.0,40.5,0.1732,0
Knight.png,v2_visible_yellow_head_green_eye_scan,3116,2967,111,86,3155,2998,48,47,26960,1788,6290,True,2,2,False,dash_or_horizontal_air,move_04,False,-90.0,47.5,0.2051,0
Knight.png,v2_visible_yellow_head_green_eye_scan,2154,2966,125,88,2195,3003,41,40,18970,1295,5540,True,2,2,False,dash_or_horizontal_air,move_04,False,-90.0,40.5,0.1745,0
Knight.png,v2_visible_yellow_head_green_eye_scan,2285,2978,120,96,2325,3003,46,45,19391,1449,5843,True,2,2,False,dash_or_horizontal_air,move_04,False,-90.0,45.5,0.195,0
Knight.png,v2_visible_yellow_head_green_eye_scan,3233,2991,126,62,3279,3003,40,39,22163,1064,5109,True,2,2,False,dash_or_horizontal_air,move_04,False,-90.0,39.5,0.1403,0
Knight.png,v2_visible_yellow_head_green_eye_scan,797,3017,85,34,822,3015,34,33,12969,824,2010,True,1,1,False,dash_or_horizontal_air,move_04,False,-90.0,33.5,0.068,0
Knight.png,v2_visible_yellow_head_green_eye_scan,2517,2992,81,126,2537,3030,41,40,22233,1282,5178,True,2,2,False,airborne_tilt,move_05,True,31.41,40.5,0.1936,0
Knight.png,v2_visible_yellow_head_green_eye_scan,2411,2989,103,114,2418,3032,41,40,19974,1300,6126,True,2,2,False,dash_or_horizontal_air,move_04,True,90.0,40.5,0.1749,0
Knight.png,v2_visible_yellow_head_green_eye_scan,2616,2996,87,123,2622,3035,41,39,21359,1267,5900,True,2,2,False,dash_or_horizontal_air,move_04,True,90.0,40.0,0.1726,0
Knight.png,v2_visible_yellow_head_green_eye_scan,3483,3007,62,117,3497,3039,36,41,25745,1238,5012,True,1,1,False,walk,move_03,True,11.25,38.5,0.1493,0
Knight.png,v2_visible_yellow_head_green_eye_scan,3362,3033,115,68,3397,3046,43,42,24838,1424,5099,True,1,1,False,dash_or_horizontal_air,move_04,False,-90.0,42.5,0.1503,0
Knight.png,v2_visible_yellow_head_green_eye_scan,2981,3033,126,78,3024,3054,43,42,24962,1304,5483,True,1,1,False,dash_or_horizontal_air,move_04,False,-90.0,42.5,0.1753,0
Knight.png,v2_visible_yellow_head_green_eye_scan,2709,3033,96,113,2733,3062,39,38,21592,1162,5502,True,1,1,False,side_idle,move_01,False,-1.01,38.5,0.2287,0
Knight.png,v2_visible_yellow_head_green_eye_scan,3548,3030,60,127,3558,3069,40,39,27608,1089,5191,True,2,2,False,front_idle_or_focus,move_00,False,4.98,39.5,0.2282,0
Knight.png,v2_visible_yellow_head_green_eye_scan,1826,3029,127,110,1837,3070,42,41,21051,1355,5974,True,1,1,False,dash_or_horizontal_air,move_04,True,90.0,41.5,0.1786,261
Knight.png,v2_visible_yellow_head_green_eye_scan,2816,3033,69,128,2833,3070,41,40,22162,1284,5635,True,1,1,False,walk,move_02,True,8.45,40.5,0.1476,0
Knight.png,v2_visible_yellow_head_green_eye_scan,3110,3059,124,78,3153,3071,43,42,25667,1283,5745,True,1,1,False,dash_or_horizontal_air,move_04,False,-90.0,42.5,0.1463,0
Knight.png,v2_visible_yellow_head_green_eye_scan,2092,3061,94,110,2116,3089,42,41,21729,1358,5937,True,1,1,False,side_idle,move_01,False,-4.19,41.5,0.2472,0
Knight.png,v2_visible_yellow_head_green_eye_scan,1997,3051,84,126,2005,3092,38,37,15280,1118,4800,True,2,2,False,dash_or_horizontal_air,move_04,True,90.0,37.5,0.1622,0
Knight.png,v2_visible_yellow_head_green_eye_scan,2888,3056,146,166,2897,3094,41,39,20979,1259,6099,True,1,1,False,dash_or_horizontal_air,move_04,True,90.0,40.0,0.1721,2982
Knight.png,v2_visible_yellow_head_green_eye_scan,1221,3088,109,81,1259,3117,41,40,13062,1169,4882,True,2,2,False,dash_or_horizontal_air,move_04,False,-90.0,40.5,0.1744,0
Knight.png,v2_visible_yellow_head_green_eye_scan,3240,3104,126,62,3286,3117,41,35,24046,1193,4777,True,2,2,False,dash_or_horizontal_air,move_04,False,-90.0,38.0,0.1386,0
Knight.png,v2_visible_yellow_head_green_eye_scan,3369,3127,129,61,3418,3138,42,40,25173,1318,5081,True,2,2,False,dash_or_horizontal_air,move_04,False,-90.0,41.0,0.1361,0
Knight.png,v2_visible_yellow_head_green_eye_scan,2539,3122,96,119,2559,3151,44,43,23193,1496,6677,True,1,1,False,walk,move_03,True,14.45,43.5,0.2453,0
Knight.png,v2_visible_yellow_head_green_eye_scan,2894,3060,173,162,2990,3156,41,39,24050,1259,6562,True,1,1,True,horizontal_attack,attack_01,True,0.0,40.0,0.1651,3242
Knight.png,v2_visible_yellow_head_green_eye_scan,2434,3121,101,109,2442,3160,41,40,19446,1300,5623,True,1,1,False,dash_or_horizontal_air,move_04,True,90.0,40.5,0.1749,0
Knight.png,v2_visible_yellow_head_green_eye_scan,3080,3143,118,81,3119,3174,41,40,23779,1288,5213,True,2,2,False,dash_or_horizontal_air,move_04,False,-90.0,40.5,0.174,0
Knight.png,v2_visible_yellow_head_green_eye_scan,3501,3163,111,67,3544,3174,40,39,26355,1224,4441,True,2,2,False,dash_or_horizontal_air,move_04,False,-90.0,39.5,0.1358,0
Knight.png,v2_visible_yellow_head_green_eye_scan,3615,3166,108,62,3634,3179,30,29,25294,671,3949,True,2,2,False,dash_or_horizontal_air,move_04,True,90.0,29.5,0.1161,353
Knight.png,v2_visible_yellow_head_green_eye_scan,146,3084,231,230,242,3180,39,38,32660,1162,32660,True,1,1,False,side_idle,move_01,True,3.86,38.5,0.2287,0
Knight.png,v2_visible_yellow_head_green_eye_scan,3734,3170,87,75,3766,3185,38,37,14884,1070,3848,True,2,2,False,dash_or_horizontal_air,move_04,False,-90.0,37.5,0.1473,0
Knight.png,v2_visible_yellow_head_green_eye_scan,2638,3150,94,113,2651,3187,40,39,22398,1231,5964,True,1,1,False,dash_or_horizontal_air,move_04,True,90.0,39.5,0.1702,0
Knight.png,v2_visible_yellow_head_green_eye_scan,1882,3161,83,121,1890,3201,38,37,12476,1118,4822,True,2,2,False,dash_or_horizontal_air,move_04,True,90.0,37.5,0.1622,0
Knight.png,v2_visible_yellow_head_green_eye_scan,2735,3169,85,124,2744,3207,41,39,21008,1259,5328,True,1,1,False,dash_or_horizontal_air,move_04,True,90.0,40.0,0.1721,0
Knight.png,v2_visible_yellow_head_green_eye_scan,3332,3192,119,68,3373,3210,40,39,25344,1225,4949,True,2,2,False,dash_or_horizontal_air,move_04,False,-90.0,39.5,0.1697,0
Knight.png,v2_visible_yellow_head_green_eye_scan,1712,3147,116,117,1750,3214,41,40,15016,1277,6966,True,2,2,True,up_attack,attack_03,False,0.0,40.5,0.1161,833
Knight.png,v2_visible_yellow_head_green_eye_scan,2202,3205,98,117,2214,3233,40,39,19404,1240,5802,True,1,1,False,dash_or_horizontal_air,move_04,True,90.0,39.5,0.1708,0
Knight.png,v2_visible_yellow_head_green_eye_scan,1971,3177,114,126,2013,3241,43,42,16587,1300,5960,True,2,2,False,dash_or_horizontal_air,move_04,False,-90.0,42.5,0.175,0
Knight.png,v2_visible_yellow_head_green_eye_scan,3458,3230,125,67,3502,3245,43,42,25238,1410,4879,True,1,1,False,dash_or_horizontal_air,move_04,False,-90.0,42.5,0.1586,0
Knight.png,v2_visible_yellow_head_green_eye_scan,3045,3227,125,80,3091,3248,43,41,24808,1266,5531,True,1,1,False,dash_or_horizontal_air,move_04,False,-90.0,42.0,0.1728,0
Knight.png,v2_visible_yellow_head_green_eye_scan,2910,3230,129,77,2959,3253,43,40,22653,1231,5274,True,1,1,False,dash_or_horizontal_air,move_04,False,-90.0,41.5,0.1805,0
Knight.png,v2_visible_yellow_head_green_eye_scan,2303,3236,76,90,2324,3262,44,43,21849,1496,4800,True,1,1,False,dash_or_horizontal_air,move_04,False,-90.0,43.5,0.1877,0
Knight.png,v2_visible_yellow_head_green_eye_scan,3735,3252,72,93,3754,3263,33,32,17332,824,4095,True,2,2,False,front_idle_or_focus,move_00,False,13.68,32.5,0.1869,0
Knight.png,v2_visible_yellow_head_green_eye_scan,1009,3252,129,60,1058,3264,41,40,14300,1156,5041,True,2,2,False,dash_or_horizontal_air,move_04,False,-90.0,40.5,0.1419,0
Knight.png,v2_visible_yellow_head_green_eye_scan,1144,3248,129,64,1193,3264,41,40,15928,1156,5203,True,2,2,False,dash_or_horizontal_air,move_04,False,-90.0,40.5,0.1589,0
Knight.png,v2_visible_yellow_head_green_eye_scan,3656,3251,72,94,3675,3265,37,36,27291,1039,4232,True,2,2,False,front_idle_or_focus,move_00,False,17.33,36.5,0.2098,0
Knight.png,v2_visible_yellow_head_green_eye_scan,1279,3251,167,92,1306,3268,51,50,17030,1938,9427,True,2,2,False,dash_or_horizontal_air,move_04,True,90.0,50.5,0.1826,0
Knight.png,v2_visible_yellow_head_green_eye_scan,3180,3256,122,80,3223,3284,41,40,25134,1290,4977,True,2,2,False,dash_or_horizontal_air,move_04,False,-90.0,40.5,0.1742,0
Knight.png,v2_visible_yellow_head_green_eye_scan,2436,3247,118,97,2469,3294,41,39,19327,1257,6289,True,2,2,False,airborne_tilt,move_05,False,180.0,40.0,0.2389,0
Knight.png,v2_visible_yellow_head_green_eye_scan,3305,3266,128,79,3352,3296,40,39,24451,1097,4963,True,2,2,False,dash_or_horizontal_air,move_04,False,-90.0,39.5,0.1703,0
Knight.png,v2_visible_yellow_head_green_eye_scan,2557,3269,98,110,2578,3312,41,40,21322,1175,5626,True,2,2,False,airborne_tilt,move_05,False,180.0,40.5,0.2428,0
Knight.png,v2_visible_yellow_head_green_eye_scan,3436,3300,127,61,3483,3313,40,39,24411,1082,4879,True,2,2,False,dash_or_horizontal_air,move_04,False,-90.0,39.5,0.1443,0
Knight.png,v2_visible_yellow_head_green_eye_scan,1754,3285,89,111,1795,3324,40,39,14878,1042,5023,True,2,2,False,dash_or_horizontal_air,move_04,False,-90.0,39.5,0.1693,0
Knight.png,v2_visible_yellow_head_green_eye_scan,2658,3296,123,90,2698,3335,42,40,21268,1331,5581,True,2,2,False,dash_or_horizontal_air,move_04,False,-90.0,41.0,0.1769,0
Knight.png,v2_visible_yellow_head_green_eye_scan,2000,3322,97,118,2030,3340,49,48,19064,1767,6524,True,1,1,False,walk,move_02,False,-9.03,48.5,0.2483,0
Knight.png,v2_visible_yellow_head_green_eye_scan,1873,3303,89,126,1883,3348,41,40,14450,1300,5906,True,2,2,False,dash_or_horizontal_air,move_04,True,90.0,40.5,0.1749,0
Knight.png,v2_visible_yellow_head_green_eye_scan,2787,3320,117,86,2825,3356,40,39,23544,1086,5937,True,2,2,False,airborne_tilt,move_05,False,180.0,39.5,0.2361,0
Knight.png,v2_visible_yellow_head_green_eye_scan,3567,3351,120,66,3611,3365,40,39,26498,1235,5059,True,2,2,False,dash_or_horizontal_air,move_04,False,-90.0,39.5,0.1487,0
Knight.png,v2_visible_yellow_head_green_eye_scan,2218,3332,101,117,2246,3366,44,43,23996,1496,5886,True,1,1,False,dash_or_horizontal_air,move_04,True,90.0,43.5,0.1876,0
Knight.png,v2_visible_yellow_head_green_eye_scan,3077,3335,85,121,3096,3367,42,41,24040,1358,5751,True,1,1,False,run,move_04,True,16.74,41.5,0.1681,0
Knight.png,v2_visible_yellow_head_green_eye_scan,3690,3352,66,103,3702,3371,37,36,26264,1056,4281,True,1,1,False,side_idle,move_01,False,-5.98,36.5,0.1692,0
Knight.png,v2_visible_yellow_head_green_eye_scan,3168,3342,80,123,3179,3379,40,39,24025,1227,5237,True,1,1,False,run,move_04,True,23.8,39.5,0.17,0
Knight.png,v2_visible_yellow_head_green_eye_scan,3251,3351,127,79,3299,3381,41,39,24405,1261,5178,True,1,1,False,dash_or_horizontal_air,move_04,False,-90.0,40.0,0.1722,0
Knight.png,v2_visible_yellow_head_green_eye_scan,3384,3367,124,80,3429,3395,41,40,22136,1279,5184,True,2,2,False,dash_or_horizontal_air,move_04,False,-90.0,40.5,0.1734,0
Knight.png,v2_visible_yellow_head_green_eye_scan,2535,3385,102,107,2559,3404,42,41,26168,1358,6265,True,1,1,False,walk,move_03,True,8.48,41.5,0.2336,0
Knight.png,v2_visible_yellow_head_green_eye_scan,2429,3347,103,115,2444,3415,20,19,17755,285,5850,True,2,2,True,up_attack,attack_03,False,0.0,19.5,0.0974,90
Knight.png,v2_visible_yellow_head_green_eye_scan,2322,3349,107,112,2341,3419,20,19,17756,286,5962,True,2,2,True,up_attack,attack_03,False,0.0,19.5,0.0974,94
Knight.png,v2_visible_yellow_head_green_eye_scan,2640,3389,93,112,2661,3419,40,39,25512,1239,5775,True,1,1,False,side_idle,move_01,True,3.33,39.5,0.2364,0
Knight.png,v2_visible_yellow_head_green_eye_scan,3515,3417,127,67,3560,3432,41,40,21894,1288,5122,True,2,2,False,dash_or_horizontal_air,move_04,False,-90.0,40.5,0.1545,0
Knight.png,v2_visible_yellow_head_green_eye_scan,2739,3412,119,92,2803,3451,41,40,25439,1300,6486,True,1,1,False,dash_or_horizontal_air,move_04,False,-90.0,40.5,0.1749,396
Knight.png,v2_visible_yellow_head_green_eye_scan,1674,3418,121,126,1684,3458,42,40,17371,1332,5882,True,1,1,False,dash_or_horizontal_air,move_04,True,90.0,41.0,0.177,30
Knight.png,v2_visible_yellow_head_green_eye_scan,2864,3448,124,80,2911,3465,44,43,25814,1496,5635,True,1,1,False,dash_or_horizontal_air,move_04,False,-90.0,43.5,0.1696,0
Knight.png,v2_visible_yellow_head_green_eye_scan,3645,3458,116,64,3685,3470,45,44,26947,1561,4992,True,2,2,False,dash_or_horizontal_air,move_04,False,-90.0,44.5,0.1503,0
Knight.png,v2_visible_yellow_head_green_eye_scan,3262,3436,71,127,3279,3473,41,40,24317,1284,5672,True,1,1,False,walk,move_03,True,9.19,40.5,0.1626,0
Knight.png,v2_visible_yellow_head_green_eye_scan,1801,3435,116,122,1844,3478,41,40,17502,1270,5771,True,2,2,False,dash_or_horizontal_air,move_04,False,-90.0,40.5,0.1749,0
Knight.png,v2_visible_yellow_head_green_eye_scan,2994,3459,132,80,3043,3479,43,42,23887,1346,5373,True,1,1,False,dash_or_horizontal_air,move_04,False,-90.0,42.5,0.178,0
Knight.png,v2_visible_yellow_head_green_eye_scan,2038,3446,106,123,2047,3487,42,40,20329,1332,6107,True,1,1,False,dash_or_horizontal_air,move_04,True,90.0,41.0,0.177,112
Knight.png,v2_visible_yellow_head_green_eye_scan,2156,3452,93,125,2182,3487,43,41,20818,1391,6168,True,1,1,False,walk,move_02,False,-9.71,42.0,0.212,0
Knight.png,v2_visible_yellow_head_green_eye_scan,1931,3457,103,108,1943,3501,37,36,18768,1056,5779,True,1,1,False,dash_or_horizontal_air,move_04,True,90.0,36.5,0.1576,0
Knight.png,v2_visible_yellow_head_green_eye_scan,3129,3477,119,80,3169,3505,40,39,22935,1230,5246,True,2,2,False,dash_or_horizontal_air,move_04,False,-90.0,39.5,0.1701,0
Knight.png,v2_visible_yellow_head_green_eye_scan,2350,3465,90,127,2356,3509,40,38,23104,1200,5578,True,1,1,False,dash_or_horizontal_air,move_04,True,90.0,39.0,0.168,0
Knight.png,v2_visible_yellow_head_green_eye_scan,2453,3470,72,129,2468,3510,41,39,25263,1128,6030,True,2,2,False,airborne_tilt,move_05,True,25.72,40.0,0.1812,0
Knight.png,v2_visible_yellow_head_green_eye_scan,1555,3415,116,121,1588,3511,15,14,20793,143,7847,True,1,1,True,up_attack,attack_03,False,0.0,14.5,0.0762,790
Knight.png,v2_visible_yellow_head_green_eye_scan,3416,3487,100,103,3463,3513,38,36,22451,1002,5086,True,1,1,False,dash_or_horizontal_air,move_04,False,-90.0,37.0,0.1535,0
Knight.png,v2_visible_yellow_head_green_eye_scan,2638,3507,102,107,2662,3526,42,41,26937,1358,6324,True,1,1,False,walk,move_02,True,8.86,41.5,0.2337,0
Knight.png,v2_visible_yellow_head_green_eye_scan,1079,3536,111,122,1123,3536,52,30,14408,906,7137,True,1,1,True,down_attack,attack_04,False,0.0,41.0,0.1156,2263
Knight.png,v2_visible_yellow_head_green_eye_scan,3522,3528,128,62,3571,3539,41,40,22477,1291,5005,True,2,2,False,dash_or_horizontal_air,move_04,False,-90.0,40.5,0.1379,0
Knight.png,v2_visible_yellow_head_green_eye_scan,2743,3534,130,71,2777,3550,49,48,27841,1828,6022,True,1,1,False,airborne_tilt,move_05,False,180.0,48.5,0.1879,0
Knight.png,v2_visible_yellow_head_green_eye_scan,2533,3503,102,104,2589,3551,33,32,25328,837,4268,True,2,2,False,dash_or_horizontal_air,move_04,False,-90.0,32.5,0.1403,467
Knight.png,v2_visible_yellow_head_green_eye_scan,2453,3470,72,129,2453,3555,34,37,23758,582,4833,True,1,1,True,up_attack,attack_03,False,0.0,35.5,0.094,1233
Knight.png,v2_visible_yellow_head_green_eye_scan,3656,3543,130,64,3705,3556,41,40,24552,1286,5016,True,1,1,False,dash_or_horizontal_air,move_04,False,-90.0,40.5,0.1461,0
Knight.png,v2_visible_yellow_head_green_eye_scan,2873,3539,133,73,2910,3558,49,48,26588,1832,6058,True,1,1,False,airborne_tilt,move_05,False,180.0,48.5,0.2014,0
Knight.png,v2_visible_yellow_head_green_eye_scan,1079,3536,111,122,1099,3562,51,50,15448,1832,9384,True,1,1,False,airborne_tilt,move_05,True,27.64,50.5,0.3033,0
Knight.png,v2_visible_yellow_head_green_eye_scan,1079,3536,111,122,1172,3565,14,41,14938,241,4046,True,1,1,False,dash_or_horizontal_air,move_04,False,-90.0,27.5,0.0753,5335
Knight.png,v2_visible_yellow_head_green_eye_scan,3010,3560,128,69,3059,3571,41,40,24713,1291,5643,True,2,2,False,dash_or_horizontal_air,move_04,False,-90.0,40.5,0.1377,0
Knight.png,v2_visible_yellow_head_green_eye_scan,3791,3573,93,46,3822,3574,43,41,15135,1391,2974,True,1,1,False,dash_or_horizontal_air,move_04,False,-90.0,42.0,0.0961,0
Knight.png,v2_visible_yellow_head_green_eye_scan,1748,3560,118,127,1798,3576,40,38,17080,1200,5723,True,2,2,True,down_attack,attack_04,False,0.0,39.0,0.176,60
Knight.png,v2_visible_yellow_head_green_eye_scan,2121,3586,117,103,2156,3600,66,64,29721,3332,6875,True,1,1,False,dash_or_horizontal_air,move_04,False,-90.0,65.0,0.1987,0
Knight.png,v2_visible_yellow_head_green_eye_scan,3261,3583,127,80,3309,3600,43,42,24428,1433,5457,True,1,1,False,dash_or_horizontal_air,move_04,False,-90.0,42.5,0.1675,0
Knight.png,v2_visible_yellow_head_green_eye_scan,1628,3559,83,119,1635,3601,42,41,19271,1350,5347,True,2,2,False,dash_or_horizontal_air,move_04,True,90.0,41.5,0.1782,0
Knight.png,v2_visible_yellow_head_green_eye_scan,3141,3568,117,92,3172,3608,43,42,23592,1412,6077,True,2,2,False,airborne_tilt,move_05,False,180.0,42.5,0.2532,0
Knight.png,v2_visible_yellow_head_green_eye_scan,3394,3606,130,62,3440,3619,41,40,24217,1289,5188,True,2,2,False,dash_or_horizontal_air,move_04,False,-90.0,40.5,0.146,0
Knight.png,v2_visible_yellow_head_green_eye_scan,3530,3610,128,62,3579,3621,41,40,23487,1291,4950,True,1,1,False,dash_or_horizontal_air,move_04,False,-90.0,40.5,0.1379,0
Knight.png,v2_visible_yellow_head_green_eye_scan,1346,3546,134,125,1365,3629,19,18,19722,271,9695,True,2,2,False,dash_or_horizontal_air,move_04,True,90.0,18.5,0.0798,0
Knight.png,v2_visible_yellow_head_green_eye_scan,2498,3613,122,82,2542,3631,42,41,23919,1358,5446,True,1,1,False,dash_or_horizontal_air,move_04,False,-90.0,41.5,0.1691,0
Knight.png,v2_visible_yellow_head_green_eye_scan,2366,3606,103,90,2382,3632,44,43,27018,1496,6168,True,2,2,False,dash_or_horizontal_air,move_04,True,90.0,43.5,0.1876,0
Knight.png,v2_visible_yellow_head_green_eye_scan,2244,3592,119,103,2290,3633,43,41,24771,1312,6028,True,1,1,False,dash_or_horizontal_air,move_04,False,-90.0,42.0,0.1757,0
Knight.png,v2_visible_yellow_head_green_eye_scan,2623,3621,124,90,2669,3643,44,42,27150,1308,6332,True,2,2,False,dash_or_horizontal_air,move_04,False,-90.0,43.0,0.1847,0
Knight.png,v2_visible_yellow_head_green_eye_scan,3664,3633,127,58,3714,3643,41,40,22860,1287,4910,True,2,2,False,dash_or_horizontal_air,move_04,False,-90.0,40.5,0.1335,0
Knight.png,v2_visible_yellow_head_green_eye_scan,3797,3632,96,63,3845,3644,29,29,11928,653,3759,True,2,2,False,dash_or_horizontal_air,move_04,False,-90.0,29.0,0.1169,45
Knight.png,v2_visible_yellow_head_green_eye_scan,2883,3626,115,89,2919,3658,43,41,26609,1238,5025,True,2,2,False,dash_or_horizontal_air,move_04,False,-90.0,42.0,0.1807,0
Knight.png,v2_visible_yellow_head_green_eye_scan,3001,3640,128,76,3034,3662,49,48,27461,1837,5938,True,2,2,False,airborne_tilt,move_05,False,180.0,48.5,0.2116,0
Knight.png,v2_visible_yellow_head_green_eye_scan,2756,3633,118,83,2795,3664,41,40,25787,1278,5144,True,2,2,False,dash_or_horizontal_air,move_04,False,-90.0,40.5,0.1734,0
Knight.png,v2_visible_yellow_head_green_eye_scan,3132,3666,132,80,3181,3686,43,42,25263,1346,5466,True,1,1,False,dash_or_horizontal_air,move_04,False,-90.0,42.5,0.178,0
Knight.png,v2_visible_yellow_head_green_eye_scan,1140,3674,186,63,1189,3689,41,39,20448,1122,5933,True,2,2,True,horizontal_attack,attack_01,False,0.0,40.0,0.1423,1268
Knight.png,v2_visible_yellow_head_green_eye_scan,3267,3674,127,80,3314,3691,44,42,25428,1461,5424,True,1,1,False,dash_or_horizontal_air,move_04,False,-90.0,43.0,0.1652,0
Knight.png,v2_visible_yellow_head_green_eye_scan,3400,3675,126,80,3447,3692,43,42,24515,1434,5420,True,1,1,False,dash_or_horizontal_air,move_04,False,-90.0,42.5,0.1675,0
Knight.png,v2_visible_yellow_head_green_eye_scan,3532,3697,128,62,3581,3708,41,40,23636,1291,4969,True,2,2,False,dash_or_horizontal_air,move_04,False,-90.0,40.5,0.1379,0
Knight.png,v2_visible_yellow_head_green_eye_scan,1557,3684,126,92,1566,3721,40,39,20756,1228,5784,True,2,2,False,dash_or_horizontal_air,move_04,True,90.0,39.5,0.17,8
Knight.png,v2_visible_yellow_head_green_eye_scan,2392,3702,126,88,2436,3726,41,40,24007,1149,5920,True,1,1,False,dash_or_horizontal_air,move_04,False,-90.0,40.5,0.1749,0
Knight.png,v2_visible_yellow_head_green_eye_scan,1850,3700,134,89,1901,3731,41,40,19225,1288,5604,True,1,1,False,dash_or_horizontal_air,move_04,False,-90.0,40.5,0.174,0
Knight.png,v2_visible_yellow_head_green_eye_scan,3666,3721,127,58,3716,3731,41,40,22302,1287,4966,True,2,2,False,dash_or_horizontal_air,move_04,False,-90.0,40.5,0.1335,0
Knight.png,v2_visible_yellow_head_green_eye_scan,1987,3698,132,89,2035,3734,41,40,16457,1276,5116,True,2,2,False,dash_or_horizontal_air,move_04,False,-90.0,40.5,0.1732,0
Knight.png,v2_visible_yellow_head_green_eye_scan,2122,3704,132,83,2170,3734,41,40,18749,1276,5261,True,2,2,False,dash_or_horizontal_air,move_04,False,-90.0,40.5,0.1732,0
Knight.png,v2_visible_yellow_head_green_eye_scan,2257,3709,132,79,2305,3735,41,40,22928,1276,5165,True,2,2,False,dash_or_horizontal_air,move_04,False,-90.0,40.5,0.1732,0
Knight.png,v2_visible_yellow_head_green_eye_scan,4037,3701,54,128,4043,3741,40,39,5455,1231,4578,True,1,1,False,walk,move_03,True,11.27,39.5,0.1346,0
Knight.png,v2_visible_yellow_head_green_eye_scan,2775,3721,117,90,2817,3743,42,41,27051,1232,6143,True,2,2,False,dash_or_horizontal_air,move_04,False,-90.0,41.5,0.1786,0
Knight.png,v2_visible_yellow_head_green_eye_scan,2652,3716,114,93,2704,3746,50,49,28950,1934,6451,True,1,1,False,dash_or_horizontal_air,move_04,False,-90.0,49.5,0.2135,0
Knight.png,v2_visible_yellow_head_green_eye_scan,2527,3719,125,83,2566,3750,41,40,23236,1288,5232,True,2,2,False,dash_or_horizontal_air,move_04,False,-90.0,40.5,0.174,0
Knight.png,v2_visible_yellow_head_green_eye_scan,2895,3729,128,76,2929,3751,49,47,27816,1817,5987,True,1,1,False,airborne_tilt,move_05,False,180.0,48.0,0.2115,0
Knight.png,v2_visible_yellow_head_green_eye_scan,3023,3746,132,73,3074,3763,41,40,24322,1164,5982,True,2,2,False,dash_or_horizontal_air,move_04,False,-90.0,40.5,0.1631,0
Knight.png,v2_visible_yellow_head_green_eye_scan,3161,3754,130,71,3210,3767,41,40,23734,1286,5667,True,2,2,False,dash_or_horizontal_air,move_04,False,-90.0,40.5,0.1461,0
Knight.png,v2_visible_yellow_head_green_eye_scan,3297,3755,127,80,3341,3775,43,42,25912,1299,5512,True,1,1,False,dash_or_horizontal_air,move_04,False,-90.0,42.5,0.1749,0
Knight.png,v2_visible_yellow_head_green_eye_scan,3023,3746,132,73,3033,3789,37,30,22699,537,4431,True,1,1,False,airborne_tilt,move_05,True,157.1,33.5,0.1741,1452
Knight.png,v2_visible_yellow_head_green_eye_scan,3424,3762,125,83,3470,3794,40,39,24953,1230,5146,True,2,2,False,dash_or_horizontal_air,move_04,False,-90.0,39.5,0.1701,0
Knight.png,v2_visible_yellow_head_green_eye_scan,3555,3785,128,62,3604,3796,41,40,23049,1291,5029,True,2,2,False,dash_or_horizontal_air,move_04,False,-90.0,40.5,0.1379,0
Knight.png,v2_visible_yellow_head_green_eye_scan,1897,3793,125,100,1943,3802,44,42,21783,1462,5847,True,2,2,False,dash_or_horizontal_air,move_04,False,-90.0,43.0,0.1318,0
Knight.png,v2_visible_yellow_head_green_eye_scan,3689,3818,127,61,3737,3827,43,42,22956,1434,5063,True,1,1,False,dash_or_horizontal_air,move_04,False,-90.0,42.5,0.1337,0
Knight.png,v2_visible_yellow_head_green_eye_scan,2409,3802,127,93,2456,3832,44,42,25502,1464,6163,True,2,2,False,dash_or_horizontal_air,move_04,False,-90.0,43.0,0.1856,0
Knight.png,v2_visible_yellow_head_green_eye_scan,2667,3817,131,74,2702,3837,49,48,27839,1832,5897,True,1,1,False,airborne_tilt,move_05,True,175.0,48.5,0.2027,0
Knight.png,v2_visible_yellow_head_green_eye_scan,2289,3812,117,82,2324,3839,41,40,23514,1161,6479,True,2,2,False,airborne_tilt,move_05,False,180.0,40.5,0.2151,0
Knight.png,v2_visible_yellow_head_green_eye_scan,1755,3792,136,102,1795,3841,44,36,22986,1326,6589,True,2,2,False,dash_or_horizontal_air,move_04,False,-90.0,40.0,0.1766,0
Knight.png,v2_visible_yellow_head_green_eye_scan,2160,3791,103,96,2182,3842,38,36,18730,1084,5385,True,1,1,False,airborne_tilt,move_05,False,180.0,37.0,0.2219,0
Knight.png,v2_visible_yellow_head_green_eye_scan,2542,3820,125,83,2581,3851,41,30,23772,1032,5228,True,2,2,False,dash_or_horizontal_air,move_04,False,-90.0,35.5,0.1558,0
Knight.png,v2_visible_yellow_head_green_eye_scan,2803,3821,114,91,2842,3851,43,42,25353,1432,5972,True,2,2,False,dash_or_horizontal_air,move_04,False,-90.0,42.5,0.1836,0
Knight.png,v2_visible_yellow_head_green_eye_scan,2923,3832,134,83,2974,3853,44,43,27408,1369,6090,True,2,2,False,dash_or_horizontal_air,move_04,False,-90.0,43.5,0.1796,0
Knight.png,v2_visible_yellow_head_green_eye_scan,3448,3847,132,80,3496,3864,45,43,27043,1520,5611,True,1,1,False,dash_or_horizontal_air,move_04,False,-90.0,44.0,0.1665,0
Knight.png,v2_visible_yellow_head_green_eye_scan,3060,3836,124,87,3105,3869,41,39,25896,1261,5185,True,1,1,False,dash_or_horizontal_air,move_04,False,-90.0,40.0,0.1722,0
Knight.png,v2_visible_yellow_head_green_eye_scan,3318,3848,127,77,3365,3871,43,41,25808,1388,5633,True,1,1,False,dash_or_horizontal_air,move_04,False,-90.0,42.0,0.1809,0
Knight.png,v2_visible_yellow_head_green_eye_scan,3187,3845,128,77,3236,3873,42,41,25221,1358,5421,True,1,1,False,dash_or_horizontal_air,move_04,False,-90.0,41.5,0.1787,0
Knight.png,v2_visible_yellow_head_green_eye_scan,4037,3832,56,129,4045,3890,41,40,7830,1169,4820,True,2,2,False,airborne_tilt,move_05,False,180.0,40.5,0.1859,0
Knight.png,v2_visible_yellow_head_green_eye_scan,1169,3892,128,60,1216,3901,42,40,26076,1319,4943,True,1,1,False,dash_or_horizontal_air,move_04,False,-90.0,41.0,0.1278,0
Knight.png,v2_visible_yellow_head_green_eye_scan,1594,3897,128,68,1643,3908,41,40,19376,1291,5624,True,2,2,False,dash_or_horizontal_air,move_04,False,-90.0,40.5,0.1377,0
Knight.png,v2_visible_yellow_head_green_eye_scan,1300,3897,140,78,1317,3911,40,39,23460,1189,5337,True,2,2,False,dash_or_horizontal_air,move_04,True,90.0,39.5,0.1446,78
Knight.png,v2_visible_yellow_head_green_eye_scan,1865,3900,130,68,1918,3911,41,40,22688,1159,5842,True,2,2,False,dash_or_horizontal_air,move_04,False,-90.0,40.5,0.1377,59
Knight.png,v2_visible_yellow_head_green_eye_scan,3580,3882,62,128,3590,3919,41,40,26570,1284,5050,True,1,1,False,side_idle,move_01,True,4.03,40.5,0.1852,0
Knight.png,v2_visible_yellow_head_green_eye_scan,3648,3882,59,128,3657,3920,41,40,26985,1300,5050,True,1,1,False,side_idle,move_01,True,4.59,40.5,0.1746,0
Knight.png,v2_visible_yellow_head_green_eye_scan,1444,3903,128,67,1492,3921,41,39,18054,1257,5164,True,1,1,False,dash_or_horizontal_air,move_04,False,-90.0,40.0,0.163,0
Knight.png,v2_visible_yellow_head_green_eye_scan,2004,3901,128,79,2051,3922,43,42,19252,1309,5620,True,1,1,False,dash_or_horizontal_air,move_04,False,-90.0,42.5,0.1755,0
Knight.png,v2_visible_yellow_head_green_eye_scan,2267,3901,129,83,2318,3923,47,46,26176,1706,6219,True,1,1,False,dash_or_horizontal_air,move_04,False,-90.0,46.5,0.2005,0
Knight.png,v2_visible_yellow_head_green_eye_scan,2402,3901,184,89,2447,3925,43,42,26471,1306,7122,True,1,1,True,horizontal_attack,attack_01,False,0.0,42.5,0.1682,404
Knight.png,v2_visible_yellow_head_green_eye_scan,2140,3901,127,86,2183,3934,41,40,22213,1288,5036,True,1,1,False,dash_or_horizontal_air,move_04,False,-90.0,40.5,0.174,0
Knight.png,v2_visible_yellow_head_green_eye_scan,3049,3926,128,69,3098,3937,41,40,25129,1291,5678,True,2,2,False,dash_or_horizontal_air,move_04,False,-90.0,40.5,0.1377,0
Knight.png,v2_visible_yellow_head_green_eye_scan,3713,3901,58,127,3720,3937,41,40,26661,1160,5078,True,2,2,False,front_idle_or_focus,move_00,False,10.57,40.5,0.2084,0
Knight.png,v2_visible_yellow_head_green_eye_scan,3774,3898,60,129,3783,3937,41,40,22261,1288,5032,True,1,1,False,walk,move_02,True,9.8,40.5,0.1406,0
Knight.png,v2_visible_yellow_head_green_eye_scan,2920,3918,123,85,2967,3942,41,40,25100,1300,5640,True,1,1,False,dash_or_horizontal_air,move_04,False,-90.0,40.5,0.1749,0
Knight.png,v2_visible_yellow_head_green_eye_scan,2665,3922,122,71,2703,3943,41,40,24270,1113,5006,True,2,2,False,dash_or_horizontal_air,move_04,False,-90.0,40.5,0.1741,0
Knight.png,v2_visible_yellow_head_green_eye_scan,3447,3930,127,80,3493,3949,45,44,27578,1424,5612,True,1,1,False,dash_or_horizontal_air,move_04,False,-90.0,44.5,0.1831,0
Knight.png,v2_visible_yellow_head_green_eye_scan,2795,3924,119,80,2834,3952,41,39,23938,1267,5190,True,1,1,False,dash_or_horizontal_air,move_04,False,-90.0,40.0,0.1726,0
Knight.png,v2_visible_yellow_head_green_eye_scan,3188,3925,122,85,3230,3954,43,41,26651,1388,5703,True,1,1,False,dash_or_horizontal_air,move_04,False,-90.0,42.0,0.1808,0
Knight.png,v2_visible_yellow_head_green_eye_scan,3318,3935,125,73,3364,3959,41,40,25960,1278,5296,True,2,2,False,dash_or_horizontal_air,move_04,False,-90.0,40.5,0.1734,0
Knight.png,v2_visible_yellow_head_green_eye_scan,1894,3987,125,105,1940,3998,44,42,18690,1462,6429,True,2,2,True,down_attack,attack_04,False,0.0,43.0,0.1943,220
Knight.png,v2_visible_yellow_head_green_eye_scan,2289,3994,125,99,2334,4001,45,44,19222,1566,5738,True,2,2,False,dash_or_horizontal_air,move_04,False,-90.0,44.5,0.1293,0
Knight.png,v2_visible_yellow_head_green_eye_scan,4034,3964,59,129,4044,4003,41,40,7128,1300,5015,True,1,1,False,side_idle,move_01,True,6.05,40.5,0.1653,0
Knight.png,v2_visible_yellow_head_green_eye_scan,1598,3981,141,112,1628,4006,41,39,15927,1267,6202,True,1,1,False,walk,move_02,False,-9.36,40.0,0.2257,0
Knight.png,v2_visible_yellow_head_green_eye_scan,2047,3990,107,83,2081,4012,39,38,17546,998,4640,True,1,1,False,side_idle,move_01,True,2.82,38.5,0.1974,0
Knight.png,v2_visible_yellow_head_green_eye_scan,1467,3980,122,105,1481,4020,37,36,12624,1052,6569,True,1,1,False,dash_or_horizontal_air,move_04,True,90.0,36.5,0.1573,171
Knight.png,v2_visible_yellow_head_green_eye_scan,2417,3996,126,100,2460,4022,43,42,18103,1283,6221,True,1,1,False,dash_or_horizontal_air,move_04,False,-90.0,42.5,0.1836,0
Knight.png,v2_visible_yellow_head_green_eye_scan,3443,4016,127,69,3492,4027,41,40,18581,1286,5595,True,2,2,False,dash_or_horizontal_air,move_04,False,-90.0,40.5,0.1376,0
Knight.png,v2_visible_yellow_head_green_eye_scan,3174,4014,132,69,3210,4028,49,48,18472,1832,5776,True,1,1,False,airborne_tilt,move_05,True,173.15,48.5,0.1733,0
Knight.png,v2_visible_yellow_head_green_eye_scan,3573,4013,128,80,3621,4033,43,42,19664,1299,5503,True,1,1,False,dash_or_horizontal_air,move_04,False,-90.0,42.5,0.1749,0
Knight.png,v2_visible_yellow_head_green_eye_scan,1745,3988,135,105,1771,4038,50,48,14200,1892,8822,True,1,1,True,up_attack,attack_03,False,0.0,49.0,0.1188,34
Knight.png,v2_visible_yellow_head_green_eye_scan,2671,4000,112,93,2705,4041,40,39,15896,1082,6264,True,2,2,False,airborne_tilt,move_05,False,180.0,39.5,0.2357,0
Knight.png,v2_visible_yellow_head_green_eye_scan,2791,4025,122,68,2829,4043,41,40,16005,1113,4997,True,2,2,False,dash_or_horizontal_air,move_04,False,-90.0,40.5,0.1672,0
Knight.png,v2_visible_yellow_head_green_eye_scan,2919,4006,123,90,2958,4045,42,40,15933,1332,5517,True,1,1,False,dash_or_horizontal_air,move_04,False,-90.0,41.0,0.177,0
Knight.png,v2_visible_yellow_head_green_eye_scan,3709,4034,128,62,3758,4045,41,40,16236,1291,5062,True,1,1,False,dash_or_horizontal_air,move_04,False,-90.0,40.5,0.1379,0
Knight.png,v2_visible_yellow_head_green_eye_scan,2549,3999,118,97,2582,4046,41,39,15957,1257,6187,True,2,2,False,airborne_tilt,move_05,False,180.0,40.0,0.2389,0
Knight.png,v2_visible_yellow_head_green_eye_scan,3048,4011,123,85,3092,4046,41,39,15406,1261,5134,True,1,1,False,dash_or_horizontal_air,move_04,False,-90.0,40.0,0.1722,0
Knight.png,v2_visible_yellow_head_green_eye_scan,3306,4014,133,79,3361,4048,37,36,16412,880,5564,True,1,1,False,dash_or_horizontal_air,move_04,False,-90.0,36.5,0.1576,0
Sprint.png,v2_visible_yellow_head_green_eye_scan,76,35,74,122,85,74,41,39,14287,1258,5059,True,1,1,False,dash_or_horizontal_air,move_04,True,90.0,40.0,0.172,0
Sprint.png,v2_visible_yellow_head_green_eye_scan,3,46,73,128,10,85,41,40,13286,1287,5089,True,2,2,False,dash_or_horizontal_air,move_04,True,90.0,40.5,0.1741,0
Sprint.png,v2_visible_yellow_head_green_eye_scan,195,114,71,125,202,153,41,40,15603,1287,5139,True,2,2,False,dash_or_horizontal_air,move_04,True,90.0,40.5,0.174,0
Sprint.png,v2_visible_yellow_head_green_eye_scan,76,163,116,79,112,193,40,39,24599,1088,5407,True,2,2,False,airborne_tilt,move_05,False,180.0,39.5,0.2363,0
Sprint.png,v2_visible_yellow_head_green_eye_scan,3,174,70,123,10,214,41,39,16655,1258,5246,True,1,1,False,dash_or_horizontal_air,move_04,True,90.0,40.0,0.172,0
Sprint.png,v2_visible_yellow_head_green_eye_scan,288,227,122,78,330,255,41,39,20998,1258,4921,True,2,2,False,dash_or_horizontal_air,move_04,False,-90.0,40.0,0.172,0
Sprint.png,v2_visible_yellow_head_green_eye_scan,208,239,73,121,215,278,41,40,22109,1287,5211,True,2,2,False,dash_or_horizontal_air,move_04,True,90.0,40.5,0.174,0
Sprint.png,v2_visible_yellow_head_green_eye_scan,94,248,83,118,105,285,41,39,26310,1256,5129,True,1,1,False,dash_or_horizontal_air,move_04,True,90.0,40.0,0.1719,0
Sprint.png,v2_visible_yellow_head_green_eye_scan,438,270,74,129,445,310,41,39,15980,1258,5103,True,1,1,False,dash_or_horizontal_air,move_04,True,90.0,40.0,0.172,0
Sprint.png,v2_visible_yellow_head_green_eye_scan,323,308,112,88,358,335,43,42,23524,1434,5587,True,1,1,False,dash_or_horizontal_air,move_04,False,-90.0,42.5,0.1836,0
Sprint.png,v2_visible_yellow_head_green_eye_scan,0,304,91,112,21,337,43,42,18960,1425,5779,True,2,2,False,airborne_tilt,move_05,True,24.78,42.5,0.2377,0
Sprint.png,v2_visible_yellow_head_green_eye_scan,98,366,104,96,134,400,39,38,27316,1162,5384,True,1,1,False,dash_or_horizontal_air,move_04,False,-90.0,38.5,0.1653,0
Sprint.png,v2_visible_yellow_head_green_eye_scan,216,367,104,96,252,401,39,38,24848,1162,5443,True,1,1,False,dash_or_horizontal_air,move_04,False,-90.0,38.5,0.1653,0
Sprint.png,v2_visible_yellow_head_green_eye_scan,331,399,119,89,370,438,41,39,21668,1258,5766,True,2,2,False,airborne_tilt,move_05,False,180.0,40.0,0.239,0
Sprint.png,v2_visible_yellow_head_green_eye_scan,3,416,89,117,20,451,41,40,19004,1300,5868,True,2,2,False,airborne_tilt,move_05,True,25.36,40.5,0.243,0
Sprint.png,v2_visible_yellow_head_green_eye_scan,216,463,112,91,271,486,35,34,25784,770,5630,True,2,2,False,dash_or_horizontal_air,move_04,False,-90.0,34.5,0.1348,0
Sprint.png,v2_visible_yellow_head_green_eye_scan,331,504,131,65,378,516,42,41,23069,1343,5175,True,2,2,False,dash_or_horizontal_air,move_04,False,-90.0,41.5,0.1434,0
Sprint.png,v2_visible_yellow_head_green_eye_scan,214,554,114,96,271,582,35,34,24214,770,5802,True,2,2,False,dash_or_horizontal_air,move_04,False,-90.0,34.5,0.1349,0
Sprint.png,v2_visible_yellow_head_green_eye_scan,341,569,114,96,396,600,40,39,23115,1100,5789,True,1,1,False,dash_or_horizontal_air,move_04,False,-90.0,39.5,0.161,0
Sprint.png,v2_visible_yellow_head_green_eye_scan,224,653,114,103,282,684,35,34,22548,776,5847,True,2,2,False,dash_or_horizontal_air,move_04,False,-90.0,34.5,0.1352,0
Sprint.png,v2_visible_yellow_head_green_eye_scan,350,668,118,100,391,698,47,45,21659,1494,6247,True,1,1,False,airborne_tilt,move_05,False,180.0,46.0,0.2484,0
Sprint.png,v2_visible_yellow_head_green_eye_scan,3,705,90,76,23,715,42,40,12830,1332,5157,True,1,1,False,walk,move_03,True,13.66,41.0,0.2223,0
Sprint.png,v2_visible_yellow_head_green_eye_scan,131,711,90,76,151,721,42,40,20712,1332,5085,True,1,1,False,walk,move_02,True,11.63,41.0,0.2181,0
Sprint.png,v2_visible_yellow_head_green_eye_scan,350,774,76,90,374,802,42,41,19979,1358,4814,True,1,1,False,dash_or_horizontal_air,move_04,False,-90.0,41.5,0.1788,0
Sprint.png,v2_visible_yellow_head_green_eye_scan,3,781,122,111,40,814,47,44,20475,1369,6165,True,1,1,False,airborne_tilt,move_05,False,180.0,45.5,0.2494,0
Sprint.png,v2_visible_yellow_head_green_eye_scan,257,775,90,112,276,815,44,43,26933,1496,6676,True,1,1,False,airborne_tilt,move_05,True,151.51,43.5,0.2608,0
Cloak.png,v2_visible_yellow_head_green_eye_scan,89,366,90,83,110,395,35,34,18779,916,4600,True,1,1,False,airborne_tilt,move_05,False,180.0,34.5,0.2073,0
Cloak.png,v2_visible_yellow_head_green_eye_scan,0,457,89,151,19,553,34,33,16124,890,6173,True,1,1,True,up_attack,attack_03,False,0.0,33.5,0.1458,1379
Cloak.png,v2_visible_yellow_head_green_eye_scan,106,536,90,81,112,556,43,42,24401,1294,4113,True,1,1,False,dash_or_horizontal_air,move_04,True,90.0,42.5,0.1745,0
Cloak.png,v2_visible_yellow_head_green_eye_scan,675,550,90,83,682,567,43,42,13256,1309,4118,True,1,1,False,dash_or_horizontal_air,move_04,True,90.0,42.5,0.1656,0
Cloak.png,v2_visible_yellow_head_green_eye_scan,373,549,87,84,377,572,43,42,18822,1434,4614,True,1,1,False,dash_or_horizontal_air,move_04,True,90.0,42.5,0.1838,0
Cloak.png,v2_visible_yellow_head_green_eye_scan,0,614,106,92,28,649,41,40,11234,1205,5649,True,2,2,False,airborne_tilt,move_05,False,180.0,40.5,0.2426,0
Cloak.png,v2_visible_yellow_head_green_eye_scan,507,629,58,127,514,665,41,40,18909,1288,4918,True,1,1,False,walk,move_03,True,8.66,40.5,0.1492,0
Cloak.png,v2_visible_yellow_head_green_eye_scan,613,632,58,127,620,668,41,40,17821,1156,5132,True,2,2,False,front_idle_or_focus,move_00,False,8.77,40.5,0.2082,0
Cloak.png,v2_visible_yellow_head_green_eye_scan,933,643,82,116,949,684,40,39,11512,1240,5377,True,1,1,False,walk,move_03,True,12.81,39.5,0.21,0
Cloak.png,v2_visible_yellow_head_green_eye_scan,160,617,115,103,186,685,20,19,14859,285,5628,True,1,1,False,dash_or_horizontal_air,move_04,True,90.0,19.5,0.0819,90
Cloak.png,v2_visible_yellow_head_green_eye_scan,301,652,112,107,323,720,20,19,21459,285,5734,True,2,2,False,dash_or_horizontal_air,move_04,True,90.0,19.5,0.0819,94
Cloak.png,v2_visible_yellow_head_green_eye_scan,826,685,104,126,829,746,16,15,10520,165,6102,True,2,2,False,dash_or_horizontal_air,move_04,True,90.0,15.5,0.0732,299
Cloak.png,v2_visible_yellow_head_green_eye_scan,439,730,62,128,448,766,43,42,24492,1413,5132,True,1,1,False,side_idle,move_01,True,4.24,42.5,0.1861,0
Cloak.png,v2_visible_yellow_head_green_eye_scan,79,749,72,109,89,779,41,39,14583,1255,4703,True,1,1,False,airborne_tilt,move_05,True,29.31,40.0,0.1997,0
Cloak.png,v2_visible_yellow_head_green_eye_scan,613,762,98,91,635,791,41,39,19269,1234,4847,True,2,2,False,dash_or_horizontal_air,move_04,True,90.0,40.0,0.1704,0
Cloak.png,v2_visible_yellow_head_green_eye_scan,504,762,106,94,532,796,42,41,23779,1351,5812,True,1,1,False,airborne_tilt,move_05,False,180.0,41.5,0.2476,0
Cloak.png,v2_visible_yellow_head_green_eye_scan,163,736,134,125,182,819,19,18,19423,271,9695,True,2,2,False,dash_or_horizontal_air,move_04,True,90.0,18.5,0.0798,0
Cloak.png,v2_visible_yellow_head_green_eye_scan,301,764,135,92,376,827,14,15,20601,166,6545,True,1,1,True,up_attack,attack_03,False,0.0,14.5,0.0869,324
Cloak.png,v2_visible_yellow_head_green_eye_scan,949,891,58,130,959,932,40,39,11480,1232,5097,True,1,1,False,side_idle,move_01,True,1.15,39.5,0.175,0
Cloak.png,v2_visible_yellow_head_green_eye_scan,16,886,185,138,88,982,17,17,16244,233,16244,True,1,1,False,dash_or_horizontal_air,move_04,True,90.0,17.0,0.074,0
Shriek.png,v2_visible_yellow_head_green_eye_scan,264,57,73,111,280,85,39,38,18807,1159,4710,True,1,1,False,walk,move_03,True,15.54,38.5,0.1676,0
Shriek.png,v2_visible_yellow_head_green_eye_scan,0,137,113,96,47,180,15,14,12967,157,3882,True,1,1,True,horizontal_attack,attack_01,False,0.0,14.5,0.0702,1375
Wings.png,v2_visible_yellow_head_green_eye_scan,3,47,86,113,13,88,41,40,7820,1291,5249,True,2,2,False,dash_or_horizontal_air,move_04,True,90.0,40.5,0.1742,0
Wings.png,v2_visible_yellow_head_green_eye_scan,6,177,134,94,57,213,41,40,14234,1288,5980,True,1,1,False,dash_or_horizontal_air,move_04,False,-90.0,40.5,0.174,0
Wings.png,v2_visible_yellow_head_green_eye_scan,153,276,99,120,161,313,41,40,13269,1300,6485,True,1,1,False,dash_or_horizontal_air,move_04,True,90.0,40.5,0.1749,0
Wings.png,v2_visible_yellow_head_green_eye_scan,3,276,125,117,49,343,41,40,16022,1277,7306,True,2,2,True,up_attack,attack_03,False,0.0,40.5,0.1161,845
Wings.png,v2_visible_yellow_head_green_eye_scan,285,344,123,194,330,440,44,42,16197,1455,10303,True,2,2,True,up_attack,attack_03,False,0.0,43.0,0.2198,3540
Wings.png,v2_visible_yellow_head_green_eye_scan,4,401,209,171,40,462,77,75,23199,4307,19670,True,1,1,False,dash_or_horizontal_air,move_04,True,90.0,76.0,0.3269,319
Wings.png,v2_visible_yellow_head_green_eye_scan,513,551,280,202,591,612,106,103,27986,8594,32129,True,1,1,False,dash_or_horizontal_air,move_04,True,90.0,104.5,0.4497,0
Wings.png,v2_visible_yellow_head_green_eye_scan,359,560,108,185,406,645,41,40,12544,1300,8874,True,1,1,True,up_attack,attack_03,False,0.0,40.5,0.2077,1083
Webbed.png,v2_visible_yellow_head_green_eye_scan,88,268,129,80,134,288,43,42,18320,1299,5639,True,1,1,False,dash_or_horizontal_air,move_04,False,-90.0,42.5,0.1749,0
Webbed.png,v2_visible_yellow_head_green_eye_scan,94,354,130,79,138,368,46,45,27300,1493,5619,True,2,2,False,dash_or_horizontal_air,move_04,False,-90.0,45.5,0.1668,0
Webbed.png,v2_visible_yellow_head_green_eye_scan,345,371,129,80,389,387,46,44,13758,1449,5632,True,1,1,False,dash_or_horizontal_air,move_04,False,-90.0,45.0,0.1703,0
Webbed.png,v2_visible_yellow_head_green_eye_scan,596,397,124,78,640,416,43,42,16919,1322,5584,True,1,1,False,dash_or_horizontal_air,move_04,False,-90.0,42.5,0.1766,0
Webbed.png,v2_visible_yellow_head_green_eye_scan,8,394,83,125,39,439,41,40,15354,1300,5436,True,2,2,False,dash_or_horizontal_air,move_04,False,-90.0,40.5,0.1749,0
Webbed.png,v2_visible_yellow_head_green_eye_scan,125,436,118,97,158,446,41,39,20053,1243,5839,True,2,2,False,front_idle_or_focus,move_00,False,-14.19,40.0,0.2293,0
Webbed.png,v2_visible_yellow_head_green_eye_scan,510,413,80,131,531,453,43,42,16213,1434,5863,True,1,1,False,side_idle,move_01,True,3.35,42.5,0.219,0
Webbed.png,v2_visible_yellow_head_green_eye_scan,814,475,130,109,859,499,43,42,8342,1306,5622,True,1,1,True,down_attack,attack_04,False,0.0,42.5,0.1835,22
Webbed.png,v2_visible_yellow_head_green_eye_scan,125,536,121,117,153,578,50,48,14470,1590,6738,True,2,2,False,airborne_tilt,move_05,True,131.48,49.0,0.2931,0
Webbed.png,v2_visible_yellow_head_green_eye_scan,252,544,125,109,283,580,50,49,13744,1750,6835,True,2,2,False,airborne_tilt,move_05,True,111.5,49.5,0.2963,0
Webbed.png,v2_visible_yellow_head_green_eye_scan,383,551,125,103,413,584,50,49,14990,1737,5851,True,2,2,False,dash_or_horizontal_air,move_04,True,90.0,49.5,0.2133,0
Webbed.png,v2_visible_yellow_head_green_eye_scan,514,551,125,103,544,584,50,49,13959,1737,5847,True,2,2,False,dash_or_horizontal_air,move_04,True,90.0,49.5,0.2133,0
Webbed.png,v2_visible_yellow_head_green_eye_scan,669,585,139,126,701,627,44,42,12897,1313,6247,True,1,1,False,airborne_tilt,move_05,True,25.3,43.0,0.2578,93
Webbed.png,v2_visible_yellow_head_green_eye_scan,817,599,137,124,849,639,44,43,10407,1345,6300,True,1,1,False,airborne_tilt,move_05,True,25.81,43.5,0.2606,89
Webbed.png,v2_visible_yellow_head_green_eye_scan,853,729,139,124,915,768,45,43,11165,1376,6121,True,1,1,False,run,move_04,False,-21.14,44.0,0.1895,98
Webbed.png,v2_visible_yellow_head_green_eye_scan,877,864,113,98,907,871,40,39,11706,1218,5910,True,2,2,False,front_idle_or_focus,move_00,False,-0.48,39.5,0.2272,0
Webbed.png,v2_visible_yellow_head_green_eye_scan,683,860,149,150,734,910,29,45,11674,762,7693,True,2,2,False,dash_or_horizontal_air,move_04,True,90.0,37.0,0.1363,1980
Webbed.png,v2_visible_yellow_head_green_eye_scan,683,860,149,150,775,921,41,40,13227,1300,8050,True,2,2,False,dash_or_horizontal_air,move_04,False,-90.0,40.5,0.1749,1532
Webbed.png,manual_embedded_in_web_beam_review,316,771,105,120,340,775,58,78,9433,0,8116,True,2,2,False,webbed,move_00,False,0.0,57.0,0.3461,0
DreamArrival.png,v2_visible_yellow_head_green_eye_scan,3,5,104,114,36,32,40,39,6166,1240,6177,True,1,1,False,side_idle,move_01,False,-0.16,39.5,0.2363,0
DreamArrival.png,v2_visible_yellow_head_green_eye_scan,3,158,127,58,53,168,41,40,7377,1287,4910,True,2,2,False,dash_or_horizontal_air,move_04,False,-90.0,40.5,0.1335,0
DreamArrival.png,v2_visible_yellow_head_green_eye_scan,799,455,127,58,849,465,41,40,17582,1145,4984,True,2,2,False,dash_or_horizontal_air,move_04,False,-90.0,40.5,0.1335,0
DreamArrival.png,v2_visible_yellow_head_green_eye_scan,705,452,91,98,726,487,41,39,13020,1160,4429,True,2,2,False,dash_or_horizontal_air,move_04,False,-90.0,40.0,0.1652,0
DreamArrival.png,v2_visible_yellow_head_green_eye_scan,920,519,104,113,948,548,39,38,14569,1162,5717,True,1,1,False,side_idle,move_01,True,4.56,38.5,0.229,0
DreamArrival.png,v2_visible_yellow_head_green_eye_scan,803,533,114,97,850,558,40,39,22938,1103,5692,True,1,1,False,dash_or_horizontal_air,move_04,False,-90.0,39.5,0.1612,0
DreamArrival.png,v2_visible_yellow_head_green_eye_scan,705,553,92,106,719,589,43,41,13844,1379,5103,True,1,1,False,dash_or_horizontal_air,move_04,True,90.0,42.0,0.1802,0
DreamArrival.png,v2_visible_yellow_head_green_eye_scan,806,641,114,111,853,675,40,39,21602,1103,5871,True,1,1,False,dash_or_horizontal_air,move_04,False,-90.0,39.5,0.1613,0
DreamArrival.png,v2_visible_yellow_head_green_eye_scan,926,632,91,108,947,677,41,39,16901,1160,5581,True,2,2,False,airborne_tilt,move_05,False,180.0,40.0,0.2296,0
DreamArrival.png,v2_visible_yellow_head_green_eye_scan,803,766,118,97,850,785,52,50,16759,2027,6403,True,1,1,False,dash_or_horizontal_air,move_04,False,-90.0,51.0,0.1943,0
DreamArrival.png,v2_visible_yellow_head_green_eye_scan,882,912,72,109,892,942,41,39,5357,1255,4703,True,1,1,False,airborne_tilt,move_05,True,29.31,40.0,0.1997,0
Dreamnail.png,v2_visible_yellow_head_green_eye_scan,815,417,170,182,862,454,68,63,11590,1630,9908,True,1,1,False,dash_or_horizontal_air,move_04,False,-90.0,65.5,0.2148,0
Dreamnail.png,v2_visible_yellow_head_green_eye_scan,684,481,125,92,732,501,42,41,14577,1358,6493,True,1,1,False,dash_or_horizontal_air,move_04,False,-90.0,41.5,0.1788,0
Dreamnail.png,v2_visible_yellow_head_green_eye_scan,0,491,128,63,47,502,41,40,15213,1165,4998,True,2,2,False,dash_or_horizontal_air,move_04,False,-90.0,40.5,0.1377,0
Dreamnail.png,v2_visible_yellow_head_green_eye_scan,815,417,170,182,900,510,46,45,8987,1634,10432,True,2,2,True,up_attack,attack_03,False,0.0,45.5,0.2328,361
Dreamnail.png,v2_visible_yellow_head_green_eye_scan,130,518,62,128,139,555,41,40,15520,1288,5144,True,1,1,False,walk,move_02,True,8.65,40.5,0.152,0
Dreamnail.png,v2_visible_yellow_head_green_eye_scan,3,557,124,92,48,575,42,41,16485,1207,6094,True,2,2,False,dash_or_horizontal_air,move_04,False,-90.0,41.5,0.1691,0
Dreamnail.png,v2_visible_yellow_head_green_eye_scan,684,579,125,95,732,599,42,41,15756,1358,6602,True,1,1,False,dash_or_horizontal_air,move_04,False,-90.0,41.5,0.1788,0
Dreamnail.png,v2_visible_yellow_head_green_eye_scan,329,591,128,65,376,604,41,40,14745,1163,5084,True,2,2,False,dash_or_horizontal_air,move_04,False,-90.0,40.5,0.1461,0
Dreamnail.png,v2_visible_yellow_head_green_eye_scan,231,574,95,127,264,611,42,41,16121,1358,6949,True,1,1,False,walk,move_03,False,-11.9,41.5,0.2338,0
Dreamnail.png,v2_visible_yellow_head_green_eye_scan,617,576,61,128,625,614,41,40,15523,1288,5146,True,1,1,False,walk,move_02,True,8.88,40.5,0.1519,0
Dreamnail.png,v2_visible_yellow_head_green_eye_scan,75,658,133,173,105,702,44,43,12376,1496,9295,True,1,1,False,dash_or_horizontal_air,move_04,True,90.0,43.5,0.1876,66
Dreamnail.png,v2_visible_yellow_head_green_eye_scan,231,704,95,127,263,741,42,41,13290,1358,6865,True,1,1,False,walk,move_03,False,-10.38,41.5,0.2338,0
Dreamnail.png,v2_visible_yellow_head_green_eye_scan,868,665,116,170,917,742,45,46,9005,1362,7901,True,1,1,True,up_attack,attack_03,False,0.0,45.5,0.2272,512
Dreamnail.png,v2_visible_yellow_head_green_eye_scan,614,711,72,128,623,750,43,42,13205,1434,5678,True,2,2,False,front_idle_or_focus,move_00,False,5.94,42.5,0.2464,0
Dreamnail.png,v2_visible_yellow_head_green_eye_scan,694,742,139,255,733,828,88,86,20039,5960,13682,True,1,1,False,dash_or_horizontal_air,move_04,False,-90.0,87.0,0.3744,0
Dreamnail.png,v2_visible_yellow_head_green_eye_scan,0,838,306,179,79,861,131,127,31149,13093,25015,True,2,2,False,dash_or_horizontal_air,move_04,True,90.0,129.0,0.3672,0
Dreamnail.png,v2_visible_yellow_head_green_eye_scan,857,843,133,178,883,887,48,46,14584,1748,9670,True,1,1,False,dash_or_horizontal_air,move_04,True,90.0,47.0,0.2028,0
Dreamnail.png,v2_visible_yellow_head_green_eye_scan,443,848,135,173,480,892,75,72,13508,4190,10669,True,2,2,False,airborne_tilt,move_05,True,27.15,73.5,0.3012,0
Birthplace.png,v2_visible_yellow_head_green_eye_scan,3,411,59,142,11,458,44,42,16516,1464,5648,True,1,1,False,walk,move_03,False,-8.15,43.0,0.1453,0
Birthplace.png,v2_visible_yellow_head_green_eye_scan,129,536,59,142,137,583,44,42,30030,1464,5643,True,1,1,False,walk,move_03,False,-8.16,43.0,0.1453,0
Birthplace.png,v2_visible_yellow_head_green_eye_scan,0,556,60,141,11,603,44,42,19262,1464,5636,True,1,1,False,walk,move_02,False,-12.0,43.0,0.139,0
Birthplace.png,v2_visible_yellow_head_green_eye_scan,351,622,75,82,363,657,42,35,20057,991,4655,True,1,1,False,airborne_tilt,move_05,False,180.0,38.5,0.2121,0
Birthplace.png,v2_visible_yellow_head_green_eye_scan,138,681,65,131,148,720,41,40,28025,1288,5495,True,1,1,False,side_idle,move_01,True,4.72,40.5,0.2018,0
Birthplace.png,v2_visible_yellow_head_green_eye_scan,722,708,77,66,737,736,38,21,16948,625,3800,True,2,2,False,airborne_tilt,move_05,True,140.58,29.5,0.1684,0
Birthplace.png,v2_visible_yellow_head_green_eye_scan,68,700,67,137,78,740,39,38,24249,1155,5260,True,1,1,False,walk,move_02,True,15.9,38.5,0.1606,0
Birthplace.png,v2_visible_yellow_head_green_eye_scan,601,704,58,127,608,740,41,40,21658,1288,4987,True,1,1,False,walk,move_03,True,11.4,40.5,0.1462,0
Birthplace.png,v2_visible_yellow_head_green_eye_scan,4,701,61,137,11,741,40,39,16205,1240,4998,True,1,1,False,walk,move_02,True,12.29,39.5,0.155,0
Birthplace.png,v2_visible_yellow_head_green_eye_scan,819,737,77,69,831,765,45,44,19349,1316,3910,True,2,2,False,airborne_tilt,move_05,True,163.37,44.5,0.2221,0
Birthplace.png,v2_visible_yellow_head_green_eye_scan,819,809,88,68,827,820,46,44,27441,1599,3927,True,1,1,False,dash_or_horizontal_air,move_04,True,90.0,45.0,0.1411,0
Birthplace.png,v2_visible_yellow_head_green_eye_scan,910,797,77,79,927,830,37,40,17862,1037,4390,True,2,2,False,airborne_tilt,move_05,False,180.0,38.5,0.2284,0
Birthplace.png,v2_visible_yellow_head_green_eye_scan,311,793,77,112,321,833,40,39,27805,1078,5158,True,2,2,False,dash_or_horizontal_air,move_04,True,90.0,39.5,0.1708,0
Birthplace.png,v2_visible_yellow_head_green_eye_scan,145,815,63,138,152,855,40,39,26749,1227,5077,True,1,1,False,walk,move_02,True,11.02,39.5,0.1619,0
Birthplace.png,v2_visible_yellow_head_green_eye_scan,77,837,58,141,85,884,44,42,25589,1464,5810,True,1,1,False,side_idle,move_01,False,-2.18,43.0,0.1782,0
Birthplace.png,v2_visible_yellow_head_green_eye_scan,394,850,78,112,403,887,42,40,28227,1181,5389,True,2,2,False,dash_or_horizontal_air,move_04,True,90.0,41.0,0.1771,0
Birthplace.png,v2_visible_yellow_head_green_eye_scan,607,837,63,131,617,895,43,42,29353,1283,5333,True,2,2,False,airborne_tilt,move_05,False,180.0,42.5,0.2092,0
Birthplace.png,v2_visible_yellow_head_green_eye_scan,0,838,66,138,9,899,43,42,17237,1298,5913,True,2,2,False,airborne_tilt,move_05,False,180.0,42.5,0.2355,0
Birthplace.png,v2_visible_yellow_head_green_eye_scan,919,879,95,80,936,899,38,39,19652,1092,4507,True,2,2,False,airborne_tilt,move_05,False,180.0,38.5,0.1836,0
Birthplace.png,v2_visible_yellow_head_green_eye_scan,819,883,97,76,838,903,43,41,29934,1367,4831,True,2,2,False,airborne_tilt,move_05,False,180.0,42.0,0.1881,0
Birthplace.png,v2_visible_yellow_head_green_eye_scan,224,897,80,104,240,934,41,39,26705,1159,5171,True,2,2,False,airborne_tilt,move_05,False,180.0,40.0,0.2295,0
Birthplace.png,v2_visible_yellow_head_green_eye_scan,314,911,76,113,324,952,41,40,27282,1158,5454,True,2,2,False,airborne_tilt,move_05,True,150.32,40.5,0.2431,0
Birthplace.png,v2_visible_yellow_head_green_eye_scan,857,959,133,62,889,970,43,42,25915,1434,5040,True,2,2,False,dash_or_horizontal_air,move_04,True,90.0,42.5,0.1389,0
Birthplace.png,v2_visible_yellow_head_green_eye_scan,696,943,61,135,704,983,39,38,27342,1162,5207,True,1,1,False,side_idle,move_01,True,7.16,38.5,0.1857,0
Birthplace.png,v2_visible_yellow_head_green_eye_scan,400,965,95,104,417,998,42,41,26625,1340,5165,True,1,1,False,dash_or_horizontal_air,move_04,True,90.0,41.5,0.1776,0
Birthplace.png,v2_visible_yellow_head_green_eye_scan,79,981,72,140,95,1024,47,46,27546,1526,6718,True,2,2,False,front_idle_or_focus,move_00,False,-3.49,46.5,0.2543,0
Birthplace.png,v2_visible_yellow_head_green_eye_scan,857,1024,142,60,908,1031,43,36,20600,1280,5704,True,1,1,False,dash_or_horizontal_air,move_04,False,-90.0,39.5,0.1181,0
Birthplace.png,v2_visible_yellow_head_green_eye_scan,323,1031,77,122,340,1066,42,41,27192,1345,5222,True,1,1,False,walk,move_03,False,-13.14,41.5,0.174,0
Birthplace.png,v2_visible_yellow_head_green_eye_scan,506,1036,99,99,525,1068,41,40,27887,1281,5115,True,2,2,False,dash_or_horizontal_air,move_04,True,90.0,40.5,0.1736,0
Birthplace.png,v2_visible_yellow_head_green_eye_scan,694,1081,100,90,722,1115,40,44,27339,1203,5612,True,2,2,False,airborne_tilt,move_05,False,180.0,42.0,0.2442,0
Birthplace.png,v2_visible_yellow_head_green_eye_scan,629,1087,62,142,640,1134,44,42,27856,1464,5799,True,1,1,False,side_idle,move_01,False,-7.01,43.0,0.1828,0
Birthplace.png,v2_visible_yellow_head_green_eye_scan,160,1098,76,141,178,1141,47,46,29140,1703,6292,True,1,1,False,side_idle,move_01,True,2.83,46.5,0.2072,0
Birthplace.png,v2_visible_yellow_head_green_eye_scan,0,1110,76,139,18,1153,47,46,18537,1703,6284,True,1,1,False,side_idle,move_01,True,2.43,46.5,0.2072,0
Birthplace.png,v2_visible_yellow_head_green_eye_scan,521,1138,105,94,540,1164,41,39,27738,1250,5487,True,1,1,False,dash_or_horizontal_air,move_04,True,90.0,40.0,0.1715,0
Birthplace.png,v2_visible_yellow_head_green_eye_scan,801,1139,105,89,828,1166,40,39,23162,1199,4873,True,2,2,False,dash_or_horizontal_air,move_04,True,90.0,39.5,0.1679,0
Birthplace.png,v2_visible_yellow_head_green_eye_scan,89,1124,71,143,102,1168,47,46,28365,1689,6132,True,1,1,False,walk,move_03,True,12.09,46.5,0.1649,0
Birthplace.png,v2_visible_yellow_head_green_eye_scan,241,1143,76,142,259,1186,47,46,27672,1703,6272,True,1,1,False,side_idle,move_01,True,2.45,46.5,0.2072,0
Birthplace.png,v2_visible_yellow_head_green_eye_scan,341,1156,76,142,359,1199,47,46,26321,1703,6309,True,1,1,False,side_idle,move_01,True,2.47,46.5,0.2072,0
Birthplace.png,v2_visible_yellow_head_green_eye_scan,433,1201,85,126,451,1235,40,38,24110,1186,5428,True,2,2,False,airborne_tilt,move_05,True,31.57,39.0,0.222,0
Birthplace.png,v2_visible_yellow_head_green_eye_scan,518,1235,121,81,558,1246,50,49,27488,1903,5382,True,1,1,False,dash_or_horizontal_air,move_04,False,-90.0,49.5,0.1563,0
Birthplace.png,v2_visible_yellow_head_green_eye_scan,642,1239,46,81,635,1261,31,30,27675,738,2367,True,1,1,False,dash_or_horizontal_air,move_04,True,90.0,30.5,0.1067,0
Birthplace.png,v2_visible_yellow_head_green_eye_scan,162,1239,76,139,180,1282,47,46,27231,1703,6283,True,1,1,False,side_idle,move_01,True,2.85,46.5,0.2072,0
Birthplace.png,v2_visible_yellow_head_green_eye_scan,814,1231,165,261,892,1314,85,82,19325,5247,20396,True,2,2,True,down_attack,attack_04,False,0.0,83.5,0.3678,475
Birthplace.png,v2_visible_yellow_head_green_eye_scan,255,1285,86,126,275,1321,39,38,24996,1162,5227,True,1,1,False,dash_or_horizontal_air,move_04,True,90.0,38.5,0.1653,0
Birthplace.png,v2_visible_yellow_head_green_eye_scan,166,1384,85,125,184,1418,40,38,28086,1186,5392,True,2,2,False,airborne_tilt,move_05,True,32.76,39.0,0.2176,0
Birthplace.png,v2_visible_yellow_head_green_eye_scan,366,1443,62,140,377,1487,45,44,35413,1367,6429,True,2,2,False,front_idle_or_focus,move_00,False,-3.85,44.5,0.2392,0
Birthplace.png,v2_visible_yellow_head_green_eye_scan,79,1598,81,109,89,1628,41,40,20068,1288,5148,True,1,1,False,dash_or_horizontal_air,move_04,True,90.0,40.5,0.174,0
Birthplace.png,v2_visible_yellow_head_green_eye_scan,280,1589,147,260,341,1671,84,82,38104,5213,20439,True,2,2,True,down_attack,attack_04,False,0.0,83.0,0.3666,168
Birthplace.png,v2_visible_yellow_head_green_eye_scan,16,1863,255,168,112,1865,84,81,31252,5243,19177,True,2,2,True,horizontal_attack,attack_01,True,0.0,82.5,0.3378,284
Birthplace.png,v2_visible_yellow_head_green_eye_scan,292,1862,253,162,388,1865,83,80,31120,5101,18756,True,2,2,True,horizontal_attack,attack_01,True,0.0,81.5,0.3333,94
Birthplace.png,v2_visible_yellow_head_green_eye_scan,562,1866,256,162,658,1871,82,80,28812,5041,18947,True,2,2,True,horizontal_attack,attack_01,True,0.0,81.0,0.3304,285
